[01:02:36:755ms][Info][Core] Initializing mod.io services
[01:02:36:828ms][Info][File] Initialized File Service
[01:02:37:36ms][Trace][File] Begin read of 50 bytes from C:\Users\Saptarshi\AppData\Local\mod.io\3791\LoneWolf\..\..\globalsettings.json
[01:02:37:36ms][Trace][File] Finish read from C:\Users\Saptarshi\AppData\Local\mod.io\3791\LoneWolf\..\..\globalsettings.json
[01:02:37:38ms][Info][File] Overriding RootLocalStoragePath to C:\Users\Public\mod.io\
[01:02:37:42ms][Info][Http] Initialized Http Service
[01:02:37:42ms][Trace][User] Loading user data
[01:02:37:60ms][Trace][File] Begin read of 2632 bytes from C:\Users\Saptarshi\AppData\Local\mod.io\3791\LoneWolf\user.json
[01:02:37:60ms][Trace][File] Finish read from C:\Users\Saptarshi\AppData\Local\mod.io\3791\LoneWolf\user.json
[01:02:37:61ms][Trace][User] User Data Loaded
[01:02:37:61ms][Info][User] Initialized User Data service
[01:02:37:61ms][Info][File] Overriding RootLocalStoragePath to D:\Games\Ready or Not\ReadyOrNot\Content\Paks\mod.io\
[01:02:37:61ms][Trace][ModManagement] Loading mod collection from storage
[01:02:37:137ms][Trace][File] Begin read of 80989 bytes from D:\Games\Ready or Not\ReadyOrNot\Content\Paks\mod.io\3791\metadata\state.json
[01:02:37:189ms][Trace][File] Finish read from D:\Games\Ready or Not\ReadyOrNot\Content\Paks\mod.io\3791\metadata\state.json
[01:02:37:191ms][Trace][ModManagement] Mod collection loaded
[01:02:37:207ms][Info][Core] mod.io service initialization complete
[01:02:37:235ms][Info][ModManagement] Adding ModManagementEvent 0 with status 0 to ModEventLog for ModID 4761012
[01:02:37:235ms][Trace][Http] Creating Request for /v1/games/3791/mods/4761012?api_key=41c1a9a92cb222df61726049fb915bae
[01:02:37:251ms][Info][Http] Initializing GET request for g-3791.modapi.io /v1/games/3791/mods/4761012?api_key=41c1a9a92cb222df61726049fb915bae
[01:02:38:929ms][Trace][Http] Adding hash 2191065078 to cache
[01:02:38:943ms][Trace][File] Begin delete of D:\Games\Ready or Not\ReadyOrNot\Content\Paks\mod.io\3791\mods\4761012
[01:02:38:943ms][Trace][File] Begin delete of D:\Games\Ready or Not\ReadyOrNot\Content\Paks\mod.io\3791\mods\4761012\LastResort_WorldGen_67473.sav
[01:02:38:946ms][Trace][File] Begin delete of D:\Games\Ready or Not\ReadyOrNot\Content\Paks\mod.io\3791\mods\4761012\pakchunk99-LastResort.pak
[01:02:38:948ms][Trace][Compression] Extracting archive C:\Users\SAPTAR~1\AppData\Local\Temp\lastresort_ron_101_wreadme.zip
[01:02:38:962ms][Trace][File] Begin read of 65536 bytes from C:\Users\SAPTAR~1\AppData\Local\Temp\lastresort_ron_101_wreadme.zip at 575462775
[01:02:38:979ms][Trace][File] Finish read from C:\Users\SAPTAR~1\AppData\Local\Temp\lastresort_ron_101_wreadme.zip
[01:02:38:979ms][Trace][File] Begin read of 20 bytes from C:\Users\SAPTAR~1\AppData\Local\Temp\lastresort_ron_101_wreadme.zip at 575528289
[01:02:38:979ms][Trace][File] Finish read from C:\Users\SAPTAR~1\AppData\Local\Temp\lastresort_ron_101_wreadme.zip
[01:02:38:979ms][Trace][File] Begin read of 292 bytes from C:\Users\SAPTAR~1\AppData\Local\Temp\lastresort_ron_101_wreadme.zip at 575527997
[01:02:38:979ms][Trace][File] Finish read from C:\Users\SAPTAR~1\AppData\Local\Temp\lastresort_ron_101_wreadme.zip
[01:02:38:979ms][Trace][File] Begin read of 30 bytes from C:\Users\SAPTAR~1\AppData\Local\Temp\lastresort_ron_101_wreadme.zip at 0
[01:02:38:979ms][Trace][File] Finish read from C:\Users\SAPTAR~1\AppData\Local\Temp\lastresort_ron_101_wreadme.zip
[01:02:38:979ms][Trace][File] Begin read of 30 bytes from C:\Users\SAPTAR~1\AppData\Local\Temp\lastresort_ron_101_wreadme.zip at 663929
[01:02:38:980ms][Trace][File] Finish read from C:\Users\SAPTAR~1\AppData\Local\Temp\lastresort_ron_101_wreadme.zip
[01:02:38:980ms][Trace][File] Begin read of 30 bytes from C:\Users\SAPTAR~1\AppData\Local\Temp\lastresort_ron_101_wreadme.zip at 575526828
[01:02:38:980ms][Trace][File] Finish read from C:\Users\SAPTAR~1\AppData\Local\Temp\lastresort_ron_101_wreadme.zip
[01:02:38:980ms][Info][Compression] Extracting entry in Deflate LastResort_WorldGen_67473.sav
[01:02:38:996ms][Trace][File] Begin read of 65536 bytes from C:\Users\SAPTAR~1\AppData\Local\Temp\lastresort_ron_101_wreadme.zip
[01:02:38:996ms][Trace][File] Finish read from C:\Users\SAPTAR~1\AppData\Local\Temp\lastresort_ron_101_wreadme.zip
[01:02:38:997ms][Trace][File] Begin write of 65536 bytes to D:\Games\Ready or Not\ReadyOrNot\Content\Paks\mod.io\3791\mods\4761012\LastResort_WorldGen_67473.sav
[01:02:38:997ms][Trace][File] Finish write to D:\Games\Ready or Not\ReadyOrNot\Content\Paks\mod.io\3791\mods\4761012\LastResort_WorldGen_67473.sav
[01:02:39:12ms][Trace][File] Begin write of 65536 bytes to D:\Games\Ready or Not\ReadyOrNot\Content\Paks\mod.io\3791\mods\4761012\LastResort_WorldGen_67473.sav
[01:02:39:13ms][Trace][File] Finish write to D:\Games\Ready or Not\ReadyOrNot\Content\Paks\mod.io\3791\mods\4761012\LastResort_WorldGen_67473.sav
[01:02:39:13ms][Trace][File] Begin write of 65536 bytes to D:\Games\Ready or Not\ReadyOrNot\Content\Paks\mod.io\3791\mods\4761012\LastResort_WorldGen_67473.sav
[01:02:39:13ms][Trace][File] Finish write to D:\Games\Ready or Not\ReadyOrNot\Content\Paks\mod.io\3791\mods\4761012\LastResort_WorldGen_67473.sav
[01:02:39:13ms][Trace][File] Begin write of 65536 bytes to D:\Games\Ready or Not\ReadyOrNot\Content\Paks\mod.io\3791\mods\4761012\LastResort_WorldGen_67473.sav
[01:02:39:13ms][Trace][File] Finish write to D:\Games\Ready or Not\ReadyOrNot\Content\Paks\mod.io\3791\mods\4761012\LastResort_WorldGen_67473.sav
[01:02:39:13ms][Trace][File] Begin write of 65536 bytes to D:\Games\Ready or Not\ReadyOrNot\Content\Paks\mod.io\3791\mods\4761012\LastResort_WorldGen_67473.sav
[01:02:39:13ms][Trace][File] Finish write to D:\Games\Ready or Not\ReadyOrNot\Content\Paks\mod.io\3791\mods\4761012\LastResort_WorldGen_67473.sav
[01:02:39:13ms][Trace][File] Begin write of 65536 bytes to D:\Games\Ready or Not\ReadyOrNot\Content\Paks\mod.io\3791\mods\4761012\LastResort_WorldGen_67473.sav
[01:02:39:13ms][Trace][File] Finish write to D:\Games\Ready or Not\ReadyOrNot\Content\Paks\mod.io\3791\mods\4761012\LastResort_WorldGen_67473.sav
[01:02:39:13ms][Trace][File] Begin write of 65536 bytes to D:\Games\Ready or Not\ReadyOrNot\Content\Paks\mod.io\3791\mods\4761012\LastResort_WorldGen_67473.sav
[01:02:39:13ms][Trace][File] Finish write to D:\Games\Ready or Not\ReadyOrNot\Content\Paks\mod.io\3791\mods\4761012\LastResort_WorldGen_67473.sav
[01:02:39:13ms][Trace][File] Begin write of 65536 bytes to D:\Games\Ready or Not\ReadyOrNot\Content\Paks\mod.io\3791\mods\4761012\LastResort_WorldGen_67473.sav
[01:02:39:13ms][Trace][File] Finish write to D:\Games\Ready or Not\ReadyOrNot\Content\Paks\mod.io\3791\mods\4761012\LastResort_WorldGen_67473.sav
[01:02:39:13ms][Trace][File] Begin write of 65536 bytes to D:\Games\Ready or Not\ReadyOrNot\Content\Paks\mod.io\3791\mods\4761012\LastResort_WorldGen_67473.sav
[01:02:39:13ms][Trace][File] Finish write to D:\Games\Ready or Not\ReadyOrNot\Content\Paks\mod.io\3791\mods\4761012\LastResort_WorldGen_67473.sav
[01:02:39:13ms][Trace][File] Begin write of 65536 bytes to D:\Games\Ready or Not\ReadyOrNot\Content\Paks\mod.io\3791\mods\4761012\LastResort_WorldGen_67473.sav
[01:02:39:13ms][Trace][File] Finish write to D:\Games\Ready or Not\ReadyOrNot\Content\Paks\mod.io\3791\mods\4761012\LastResort_WorldGen_67473.sav
[01:02:39:29ms][Trace][File] Begin write of 65536 bytes to D:\Games\Ready or Not\ReadyOrNot\Content\Paks\mod.io\3791\mods\4761012\LastResort_WorldGen_67473.sav
[01:02:39:29ms][Trace][File] Finish write to D:\Games\Ready or Not\ReadyOrNot\Content\Paks\mod.io\3791\mods\4761012\LastResort_WorldGen_67473.sav
[01:02:39:29ms][Trace][File] Begin write of 65536 bytes to D:\Games\Ready or Not\ReadyOrNot\Content\Paks\mod.io\3791\mods\4761012\LastResort_WorldGen_67473.sav
[01:02:39:29ms][Trace][File] Finish write to D:\Games\Ready or Not\ReadyOrNot\Content\Paks\mod.io\3791\mods\4761012\LastResort_WorldGen_67473.sav
[01:02:39:29ms][Trace][File] Begin write of 65536 bytes to D:\Games\Ready or Not\ReadyOrNot\Content\Paks\mod.io\3791\mods\4761012\LastResort_WorldGen_67473.sav
[01:02:39:30ms][Trace][File] Finish write to D:\Games\Ready or Not\ReadyOrNot\Content\Paks\mod.io\3791\mods\4761012\LastResort_WorldGen_67473.sav
[01:02:39:30ms][Trace][File] Begin write of 65536 bytes to D:\Games\Ready or Not\ReadyOrNot\Content\Paks\mod.io\3791\mods\4761012\LastResort_WorldGen_67473.sav
[01:02:39:30ms][Trace][File] Finish write to D:\Games\Ready or Not\ReadyOrNot\Content\Paks\mod.io\3791\mods\4761012\LastResort_WorldGen_67473.sav
[01:02:39:30ms][Trace][File] Begin write of 65536 bytes to D:\Games\Ready or Not\ReadyOrNot\Content\Paks\mod.io\3791\mods\4761012\LastResort_WorldGen_67473.sav
[01:02:39:30ms][Trace][File] Finish write to D:\Games\Ready or Not\ReadyOrNot\Content\Paks\mod.io\3791\mods\4761012\LastResort_WorldGen_67473.sav
[01:02:39:30ms][Trace][File] Begin write of 65536 bytes to D:\Games\Ready or Not\ReadyOrNot\Content\Paks\mod.io\3791\mods\4761012\LastResort_WorldGen_67473.sav
[01:02:39:30ms][Trace][File] Finish write to D:\Games\Ready or Not\ReadyOrNot\Content\Paks\mod.io\3791\mods\4761012\LastResort_WorldGen_67473.sav
[01:02:39:30ms][Trace][File] Begin write of 51729 bytes to D:\Games\Ready or Not\ReadyOrNot\Content\Paks\mod.io\3791\mods\4761012\LastResort_WorldGen_67473.sav
[01:02:39:30ms][Trace][File] Finish write to D:\Games\Ready or Not\ReadyOrNot\Content\Paks\mod.io\3791\mods\4761012\LastResort_WorldGen_67473.sav
[01:02:39:30ms][Trace][File] Begin read of 65536 bytes from C:\Users\SAPTAR~1\AppData\Local\Temp\lastresort_ron_101_wreadme.zip
[01:02:39:46ms][Trace][File] Finish read from C:\Users\SAPTAR~1\AppData\Local\Temp\lastresort_ron_101_wreadme.zip
[01:02:39:46ms][Trace][File] Begin write of 65536 bytes to D:\Games\Ready or Not\ReadyOrNot\Content\Paks\mod.io\3791\mods\4761012\LastResort_WorldGen_67473.sav
[01:02:39:46ms][Trace][File] Finish write to D:\Games\Ready or Not\ReadyOrNot\Content\Paks\mod.io\3791\mods\4761012\LastResort_WorldGen_67473.sav
[01:02:39:46ms][Trace][File] Begin write of 65536 bytes to D:\Games\Ready or Not\ReadyOrNot\Content\Paks\mod.io\3791\mods\4761012\LastResort_WorldGen_67473.sav
[01:02:39:46ms][Trace][File] Finish write to D:\Games\Ready or Not\ReadyOrNot\Content\Paks\mod.io\3791\mods\4761012\LastResort_WorldGen_67473.sav
[01:02:39:46ms][Trace][File] Begin write of 65536 bytes to D:\Games\Ready or Not\ReadyOrNot\Content\Paks\mod.io\3791\mods\4761012\LastResort_WorldGen_67473.sav
[01:02:39:46ms][Trace][File] Finish write to D:\Games\Ready or Not\ReadyOrNot\Content\Paks\mod.io\3791\mods\4761012\LastResort_WorldGen_67473.sav
[01:02:39:46ms][Trace][File] Begin write of 65536 bytes to D:\Games\Ready or Not\ReadyOrNot\Content\Paks\mod.io\3791\mods\4761012\LastResort_WorldGen_67473.sav
[01:02:39:46ms][Trace][File] Finish write to D:\Games\Ready or Not\ReadyOrNot\Content\Paks\mod.io\3791\mods\4761012\LastResort_WorldGen_67473.sav
[01:02:39:46ms][Trace][File] Begin write of 65536 bytes to D:\Games\Ready or Not\ReadyOrNot\Content\Paks\mod.io\3791\mods\4761012\LastResort_WorldGen_67473.sav
[01:02:39:46ms][Trace][File] Finish write to D:\Games\Ready or Not\ReadyOrNot\Content\Paks\mod.io\3791\mods\4761012\LastResort_WorldGen_67473.sav
[01:02:39:46ms][Trace][File] Begin write of 65536 bytes to D:\Games\Ready or Not\ReadyOrNot\Content\Paks\mod.io\3791\mods\4761012\LastResort_WorldGen_67473.sav
[01:02:39:46ms][Trace][File] Finish write to D:\Games\Ready or Not\ReadyOrNot\Content\Paks\mod.io\3791\mods\4761012\LastResort_WorldGen_67473.sav
[01:02:39:47ms][Trace][File] Begin write of 65536 bytes to D:\Games\Ready or Not\ReadyOrNot\Content\Paks\mod.io\3791\mods\4761012\LastResort_WorldGen_67473.sav
[01:02:39:47ms][Trace][File] Finish write to D:\Games\Ready or Not\ReadyOrNot\Content\Paks\mod.io\3791\mods\4761012\LastResort_WorldGen_67473.sav
[01:02:39:47ms][Trace][File] Begin write of 65536 bytes to D:\Games\Ready or Not\ReadyOrNot\Content\Paks\mod.io\3791\mods\4761012\LastResort_WorldGen_67473.sav
[01:02:39:47ms][Trace][File] Finish write to D:\Games\Ready or Not\ReadyOrNot\Content\Paks\mod.io\3791\mods\4761012\LastResort_WorldGen_67473.sav
[01:02:39:62ms][Trace][File] Begin write of 65536 bytes to D:\Games\Ready or Not\ReadyOrNot\Content\Paks\mod.io\3791\mods\4761012\LastResort_WorldGen_67473.sav
[01:02:39:62ms][Trace][File] Finish write to D:\Games\Ready or Not\ReadyOrNot\Content\Paks\mod.io\3791\mods\4761012\LastResort_WorldGen_67473.sav
[01:02:39:62ms][Trace][File] Begin write of 65536 bytes to D:\Games\Ready or Not\ReadyOrNot\Content\Paks\mod.io\3791\mods\4761012\LastResort_WorldGen_67473.sav
[01:02:39:63ms][Trace][File] Finish write to D:\Games\Ready or Not\ReadyOrNot\Content\Paks\mod.io\3791\mods\4761012\LastResort_WorldGen_67473.sav
[01:02:39:63ms][Trace][File] Begin write of 65536 bytes to D:\Games\Ready or Not\ReadyOrNot\Content\Paks\mod.io\3791\mods\4761012\LastResort_WorldGen_67473.sav
[01:02:39:63ms][Trace][File] Finish write to D:\Games\Ready or Not\ReadyOrNot\Content\Paks\mod.io\3791\mods\4761012\LastResort_WorldGen_67473.sav
[01:02:39:63ms][Trace][File] Begin write of 65536 bytes to D:\Games\Ready or Not\ReadyOrNot\Content\Paks\mod.io\3791\mods\4761012\LastResort_WorldGen_67473.sav
[01:02:39:63ms][Trace][File] Finish write to D:\Games\Ready or Not\ReadyOrNot\Content\Paks\mod.io\3791\mods\4761012\LastResort_WorldGen_67473.sav
[01:02:39:63ms][Trace][File] Begin write of 65536 bytes to D:\Games\Ready or Not\ReadyOrNot\Content\Paks\mod.io\3791\mods\4761012\LastResort_WorldGen_67473.sav
[01:02:39:63ms][Trace][File] Finish write to D:\Games\Ready or Not\ReadyOrNot\Content\Paks\mod.io\3791\mods\4761012\LastResort_WorldGen_67473.sav
[01:02:39:63ms][Trace][File] Begin write of 65536 bytes to D:\Games\Ready or Not\ReadyOrNot\Content\Paks\mod.io\3791\mods\4761012\LastResort_WorldGen_67473.sav
[01:02:39:63ms][Trace][File] Finish write to D:\Games\Ready or Not\ReadyOrNot\Content\Paks\mod.io\3791\mods\4761012\LastResort_WorldGen_67473.sav
[01:02:39:63ms][Trace][File] Begin write of 65536 bytes to D:\Games\Ready or Not\ReadyOrNot\Content\Paks\mod.io\3791\mods\4761012\LastResort_WorldGen_67473.sav
[01:02:39:63ms][Trace][File] Finish write to D:\Games\Ready or Not\ReadyOrNot\Content\Paks\mod.io\3791\mods\4761012\LastResort_WorldGen_67473.sav
[01:02:39:63ms][Trace][File] Begin write of 18398 bytes to D:\Games\Ready or Not\ReadyOrNot\Content\Paks\mod.io\3791\mods\4761012\LastResort_WorldGen_67473.sav
[01:02:39:63ms][Trace][File] Finish write to D:\Games\Ready or Not\ReadyOrNot\Content\Paks\mod.io\3791\mods\4761012\LastResort_WorldGen_67473.sav
[01:02:39:63ms][Trace][File] Begin read of 65536 bytes from C:\Users\SAPTAR~1\AppData\Local\Temp\lastresort_ron_101_wreadme.zip
[01:02:39:79ms][Trace][File] Finish read from C:\Users\SAPTAR~1\AppData\Local\Temp\lastresort_ron_101_wreadme.zip
[01:02:39:79ms][Trace][File] Begin write of 65536 bytes to D:\Games\Ready or Not\ReadyOrNot\Content\Paks\mod.io\3791\mods\4761012\LastResort_WorldGen_67473.sav
[01:02:39:79ms][Trace][File] Finish write to D:\Games\Ready or Not\ReadyOrNot\Content\Paks\mod.io\3791\mods\4761012\LastResort_WorldGen_67473.sav
[01:02:39:79ms][Trace][File] Begin write of 65536 bytes to D:\Games\Ready or Not\ReadyOrNot\Content\Paks\mod.io\3791\mods\4761012\LastResort_WorldGen_67473.sav
[01:02:39:79ms][Trace][File] Finish write to D:\Games\Ready or Not\ReadyOrNot\Content\Paks\mod.io\3791\mods\4761012\LastResort_WorldGen_67473.sav
[01:02:39:79ms][Trace][File] Begin write of 65536 bytes to D:\Games\Ready or Not\ReadyOrNot\Content\Paks\mod.io\3791\mods\4761012\LastResort_WorldGen_67473.sav
[01:02:39:79ms][Trace][File] Finish write to D:\Games\Ready or Not\ReadyOrNot\Content\Paks\mod.io\3791\mods\4761012\LastResort_WorldGen_67473.sav
[01:02:39:80ms][Trace][File] Begin write of 65536 bytes to D:\Games\Ready or Not\ReadyOrNot\Content\Paks\mod.io\3791\mods\4761012\LastResort_WorldGen_67473.sav
[01:02:39:80ms][Trace][File] Finish write to D:\Games\Ready or Not\ReadyOrNot\Content\Paks\mod.io\3791\mods\4761012\LastResort_WorldGen_67473.sav
[01:02:39:80ms][Trace][File] Begin write of 65536 bytes to D:\Games\Ready or Not\ReadyOrNot\Content\Paks\mod.io\3791\mods\4761012\LastResort_WorldGen_67473.sav
[01:02:39:80ms][Trace][File] Finish write to D:\Games\Ready or Not\ReadyOrNot\Content\Paks\mod.io\3791\mods\4761012\LastResort_WorldGen_67473.sav
[01:02:39:80ms][Trace][File] Begin write of 65536 bytes to D:\Games\Ready or Not\ReadyOrNot\Content\Paks\mod.io\3791\mods\4761012\LastResort_WorldGen_67473.sav
[01:02:39:80ms][Trace][File] Finish write to D:\Games\Ready or Not\ReadyOrNot\Content\Paks\mod.io\3791\mods\4761012\LastResort_WorldGen_67473.sav
[01:02:39:80ms][Trace][File] Begin write of 65536 bytes to D:\Games\Ready or Not\ReadyOrNot\Content\Paks\mod.io\3791\mods\4761012\LastResort_WorldGen_67473.sav
[01:02:39:80ms][Trace][File] Finish write to D:\Games\Ready or Not\ReadyOrNot\Content\Paks\mod.io\3791\mods\4761012\LastResort_WorldGen_67473.sav
[01:02:39:80ms][Trace][File] Begin write of 65536 bytes to D:\Games\Ready or Not\ReadyOrNot\Content\Paks\mod.io\3791\mods\4761012\LastResort_WorldGen_67473.sav
[01:02:39:80ms][Trace][File] Finish write to D:\Games\Ready or Not\ReadyOrNot\Content\Paks\mod.io\3791\mods\4761012\LastResort_WorldGen_67473.sav
[01:02:39:96ms][Trace][File] Begin write of 65536 bytes to D:\Games\Ready or Not\ReadyOrNot\Content\Paks\mod.io\3791\mods\4761012\LastResort_WorldGen_67473.sav
[01:02:39:96ms][Trace][File] Finish write to D:\Games\Ready or Not\ReadyOrNot\Content\Paks\mod.io\3791\mods\4761012\LastResort_WorldGen_67473.sav
[01:02:39:96ms][Trace][File] Begin write of 65536 bytes to D:\Games\Ready or Not\ReadyOrNot\Content\Paks\mod.io\3791\mods\4761012\LastResort_WorldGen_67473.sav
[01:02:39:96ms][Trace][File] Finish write to D:\Games\Ready or Not\ReadyOrNot\Content\Paks\mod.io\3791\mods\4761012\LastResort_WorldGen_67473.sav
[01:02:39:96ms][Trace][File] Begin write of 65536 bytes to D:\Games\Ready or Not\ReadyOrNot\Content\Paks\mod.io\3791\mods\4761012\LastResort_WorldGen_67473.sav
[01:02:39:96ms][Trace][File] Finish write to D:\Games\Ready or Not\ReadyOrNot\Content\Paks\mod.io\3791\mods\4761012\LastResort_WorldGen_67473.sav
[01:02:39:96ms][Trace][File] Begin write of 65536 bytes to D:\Games\Ready or Not\ReadyOrNot\Content\Paks\mod.io\3791\mods\4761012\LastResort_WorldGen_67473.sav
[01:02:39:96ms][Trace][File] Finish write to D:\Games\Ready or Not\ReadyOrNot\Content\Paks\mod.io\3791\mods\4761012\LastResort_WorldGen_67473.sav
[01:02:39:96ms][Trace][File] Begin write of 65536 bytes to D:\Games\Ready or Not\ReadyOrNot\Content\Paks\mod.io\3791\mods\4761012\LastResort_WorldGen_67473.sav
[01:02:39:96ms][Trace][File] Finish write to D:\Games\Ready or Not\ReadyOrNot\Content\Paks\mod.io\3791\mods\4761012\LastResort_WorldGen_67473.sav
[01:02:39:96ms][Trace][File] Begin write of 65536 bytes to D:\Games\Ready or Not\ReadyOrNot\Content\Paks\mod.io\3791\mods\4761012\LastResort_WorldGen_67473.sav
[01:02:39:96ms][Trace][File] Finish write to D:\Games\Ready or Not\ReadyOrNot\Content\Paks\mod.io\3791\mods\4761012\LastResort_WorldGen_67473.sav
[01:02:39:97ms][Trace][File] Begin write of 37844 bytes to D:\Games\Ready or Not\ReadyOrNot\Content\Paks\mod.io\3791\mods\4761012\LastResort_WorldGen_67473.sav
[01:02:39:97ms][Trace][File] Finish write to D:\Games\Ready or Not\ReadyOrNot\Content\Paks\mod.io\3791\mods\4761012\LastResort_WorldGen_67473.sav
[01:02:39:97ms][Trace][File] Begin read of 65536 bytes from C:\Users\SAPTAR~1\AppData\Local\Temp\lastresort_ron_101_wreadme.zip
[01:02:39:113ms][Trace][File] Finish read from C:\Users\SAPTAR~1\AppData\Local\Temp\lastresort_ron_101_wreadme.zip
[01:02:39:113ms][Trace][File] Begin write of 65536 bytes to D:\Games\Ready or Not\ReadyOrNot\Content\Paks\mod.io\3791\mods\4761012\LastResort_WorldGen_67473.sav
[01:02:39:113ms][Trace][File] Finish write to D:\Games\Ready or Not\ReadyOrNot\Content\Paks\mod.io\3791\mods\4761012\LastResort_WorldGen_67473.sav
[01:02:39:113ms][Trace][File] Begin write of 65536 bytes to D:\Games\Ready or Not\ReadyOrNot\Content\Paks\mod.io\3791\mods\4761012\LastResort_WorldGen_67473.sav
[01:02:39:113ms][Trace][File] Finish write to D:\Games\Ready or Not\ReadyOrNot\Content\Paks\mod.io\3791\mods\4761012\LastResort_WorldGen_67473.sav
[01:02:39:113ms][Trace][File] Begin write of 65536 bytes to D:\Games\Ready or Not\ReadyOrNot\Content\Paks\mod.io\3791\mods\4761012\LastResort_WorldGen_67473.sav
[01:02:39:113ms][Trace][File] Finish write to D:\Games\Ready or Not\ReadyOrNot\Content\Paks\mod.io\3791\mods\4761012\LastResort_WorldGen_67473.sav
[01:02:39:113ms][Trace][File] Begin write of 65536 bytes to D:\Games\Ready or Not\ReadyOrNot\Content\Paks\mod.io\3791\mods\4761012\LastResort_WorldGen_67473.sav
[01:02:39:113ms][Trace][File] Finish write to D:\Games\Ready or Not\ReadyOrNot\Content\Paks\mod.io\3791\mods\4761012\LastResort_WorldGen_67473.sav
[01:02:39:113ms][Trace][File] Begin write of 65536 bytes to D:\Games\Ready or Not\ReadyOrNot\Content\Paks\mod.io\3791\mods\4761012\LastResort_WorldGen_67473.sav
[01:02:39:113ms][Trace][File] Finish write to D:\Games\Ready or Not\ReadyOrNot\Content\Paks\mod.io\3791\mods\4761012\LastResort_WorldGen_67473.sav
[01:02:39:113ms][Trace][File] Begin write of 65536 bytes to D:\Games\Ready or Not\ReadyOrNot\Content\Paks\mod.io\3791\mods\4761012\LastResort_WorldGen_67473.sav
[01:02:39:113ms][Trace][File] Finish write to D:\Games\Ready or Not\ReadyOrNot\Content\Paks\mod.io\3791\mods\4761012\LastResort_WorldGen_67473.sav
[01:02:39:114ms][Trace][File] Begin write of 65536 bytes to D:\Games\Ready or Not\ReadyOrNot\Content\Paks\mod.io\3791\mods\4761012\LastResort_WorldGen_67473.sav
[01:02:39:114ms][Trace][File] Finish write to D:\Games\Ready or Not\ReadyOrNot\Content\Paks\mod.io\3791\mods\4761012\LastResort_WorldGen_67473.sav
[01:02:39:130ms][Trace][File] Begin write of 65536 bytes to D:\Games\Ready or Not\ReadyOrNot\Content\Paks\mod.io\3791\mods\4761012\LastResort_WorldGen_67473.sav
[01:02:39:130ms][Trace][File] Finish write to D:\Games\Ready or Not\ReadyOrNot\Content\Paks\mod.io\3791\mods\4761012\LastResort_WorldGen_67473.sav
[01:02:39:130ms][Trace][File] Begin write of 65536 bytes to D:\Games\Ready or Not\ReadyOrNot\Content\Paks\mod.io\3791\mods\4761012\LastResort_WorldGen_67473.sav
[01:02:39:130ms][Trace][File] Finish write to D:\Games\Ready or Not\ReadyOrNot\Content\Paks\mod.io\3791\mods\4761012\LastResort_WorldGen_67473.sav
[01:02:39:130ms][Trace][File] Begin write of 65536 bytes to D:\Games\Ready or Not\ReadyOrNot\Content\Paks\mod.io\3791\mods\4761012\LastResort_WorldGen_67473.sav
[01:02:39:130ms][Trace][File] Finish write to D:\Games\Ready or Not\ReadyOrNot\Content\Paks\mod.io\3791\mods\4761012\LastResort_WorldGen_67473.sav
[01:02:39:130ms][Trace][File] Begin write of 65536 bytes to D:\Games\Ready or Not\ReadyOrNot\Content\Paks\mod.io\3791\mods\4761012\LastResort_WorldGen_67473.sav
[01:02:39:130ms][Trace][File] Finish write to D:\Games\Ready or Not\ReadyOrNot\Content\Paks\mod.io\3791\mods\4761012\LastResort_WorldGen_67473.sav
[01:02:39:130ms][Trace][File] Begin write of 65536 bytes to D:\Games\Ready or Not\ReadyOrNot\Content\Paks\mod.io\3791\mods\4761012\LastResort_WorldGen_67473.sav
[01:02:39:130ms][Trace][File] Finish write to D:\Games\Ready or Not\ReadyOrNot\Content\Paks\mod.io\3791\mods\4761012\LastResort_WorldGen_67473.sav
[01:02:39:130ms][Trace][File] Begin write of 65536 bytes to D:\Games\Ready or Not\ReadyOrNot\Content\Paks\mod.io\3791\mods\4761012\LastResort_WorldGen_67473.sav
[01:02:39:131ms][Trace][File] Finish write to D:\Games\Ready or Not\ReadyOrNot\Content\Paks\mod.io\3791\mods\4761012\LastResort_WorldGen_67473.sav
[01:02:39:146ms][Trace][File] Begin write of 64397 bytes to D:\Games\Ready or Not\ReadyOrNot\Content\Paks\mod.io\3791\mods\4761012\LastResort_WorldGen_67473.sav
[01:02:39:146ms][Trace][File] Finish write to D:\Games\Ready or Not\ReadyOrNot\Content\Paks\mod.io\3791\mods\4761012\LastResort_WorldGen_67473.sav
[01:02:39:146ms][Trace][File] Begin read of 65536 bytes from C:\Users\SAPTAR~1\AppData\Local\Temp\lastresort_ron_101_wreadme.zip
[01:02:39:147ms][Trace][File] Finish read from C:\Users\SAPTAR~1\AppData\Local\Temp\lastresort_ron_101_wreadme.zip
[01:02:39:147ms][Trace][File] Begin write of 65536 bytes to D:\Games\Ready or Not\ReadyOrNot\Content\Paks\mod.io\3791\mods\4761012\LastResort_WorldGen_67473.sav
[01:02:39:147ms][Trace][File] Finish write to D:\Games\Ready or Not\ReadyOrNot\Content\Paks\mod.io\3791\mods\4761012\LastResort_WorldGen_67473.sav
[01:02:39:162ms][Trace][File] Begin write of 65536 bytes to D:\Games\Ready or Not\ReadyOrNot\Content\Paks\mod.io\3791\mods\4761012\LastResort_WorldGen_67473.sav
[01:02:39:163ms][Trace][File] Finish write to D:\Games\Ready or Not\ReadyOrNot\Content\Paks\mod.io\3791\mods\4761012\LastResort_WorldGen_67473.sav
[01:02:39:163ms][Trace][File] Begin write of 65536 bytes to D:\Games\Ready or Not\ReadyOrNot\Content\Paks\mod.io\3791\mods\4761012\LastResort_WorldGen_67473.sav
[01:02:39:163ms][Trace][File] Finish write to D:\Games\Ready or Not\ReadyOrNot\Content\Paks\mod.io\3791\mods\4761012\LastResort_WorldGen_67473.sav
[01:02:39:163ms][Trace][File] Begin write of 65536 bytes to D:\Games\Ready or Not\ReadyOrNot\Content\Paks\mod.io\3791\mods\4761012\LastResort_WorldGen_67473.sav
[01:02:39:163ms][Trace][File] Finish write to D:\Games\Ready or Not\ReadyOrNot\Content\Paks\mod.io\3791\mods\4761012\LastResort_WorldGen_67473.sav
[01:02:39:163ms][Trace][File] Begin write of 65536 bytes to D:\Games\Ready or Not\ReadyOrNot\Content\Paks\mod.io\3791\mods\4761012\LastResort_WorldGen_67473.sav
[01:02:39:163ms][Trace][File] Finish write to D:\Games\Ready or Not\ReadyOrNot\Content\Paks\mod.io\3791\mods\4761012\LastResort_WorldGen_67473.sav
[01:02:39:163ms][Trace][File] Begin write of 65536 bytes to D:\Games\Ready or Not\ReadyOrNot\Content\Paks\mod.io\3791\mods\4761012\LastResort_WorldGen_67473.sav
[01:02:39:163ms][Trace][File] Finish write to D:\Games\Ready or Not\ReadyOrNot\Content\Paks\mod.io\3791\mods\4761012\LastResort_WorldGen_67473.sav
[01:02:39:163ms][Trace][File] Begin write of 65536 bytes to D:\Games\Ready or Not\ReadyOrNot\Content\Paks\mod.io\3791\mods\4761012\LastResort_WorldGen_67473.sav
[01:02:39:163ms][Trace][File] Finish write to D:\Games\Ready or Not\ReadyOrNot\Content\Paks\mod.io\3791\mods\4761012\LastResort_WorldGen_67473.sav
[01:02:39:163ms][Trace][File] Begin write of 65536 bytes to D:\Games\Ready or Not\ReadyOrNot\Content\Paks\mod.io\3791\mods\4761012\LastResort_WorldGen_67473.sav
[01:02:39:163ms][Trace][File] Finish write to D:\Games\Ready or Not\ReadyOrNot\Content\Paks\mod.io\3791\mods\4761012\LastResort_WorldGen_67473.sav
[01:02:39:163ms][Trace][File] Begin write of 65536 bytes to D:\Games\Ready or Not\ReadyOrNot\Content\Paks\mod.io\3791\mods\4761012\LastResort_WorldGen_67473.sav
[01:02:39:163ms][Trace][File] Finish write to D:\Games\Ready or Not\ReadyOrNot\Content\Paks\mod.io\3791\mods\4761012\LastResort_WorldGen_67473.sav
[01:02:39:179ms][Trace][File] Begin write of 65536 bytes to D:\Games\Ready or Not\ReadyOrNot\Content\Paks\mod.io\3791\mods\4761012\LastResort_WorldGen_67473.sav
[01:02:39:179ms][Trace][File] Finish write to D:\Games\Ready or Not\ReadyOrNot\Content\Paks\mod.io\3791\mods\4761012\LastResort_WorldGen_67473.sav
[01:02:39:179ms][Trace][File] Begin write of 65536 bytes to D:\Games\Ready or Not\ReadyOrNot\Content\Paks\mod.io\3791\mods\4761012\LastResort_WorldGen_67473.sav
[01:02:39:179ms][Trace][File] Finish write to D:\Games\Ready or Not\ReadyOrNot\Content\Paks\mod.io\3791\mods\4761012\LastResort_WorldGen_67473.sav
[01:02:39:180ms][Trace][File] Begin write of 64975 bytes to D:\Games\Ready or Not\ReadyOrNot\Content\Paks\mod.io\3791\mods\4761012\LastResort_WorldGen_67473.sav
[01:02:39:180ms][Trace][File] Finish write to D:\Games\Ready or Not\ReadyOrNot\Content\Paks\mod.io\3791\mods\4761012\LastResort_WorldGen_67473.sav
[01:02:39:180ms][Trace][File] Begin read of 65536 bytes from C:\Users\SAPTAR~1\AppData\Local\Temp\lastresort_ron_101_wreadme.zip
[01:02:39:196ms][Trace][File] Finish read from C:\Users\SAPTAR~1\AppData\Local\Temp\lastresort_ron_101_wreadme.zip
[01:02:39:196ms][Trace][File] Begin write of 65536 bytes to D:\Games\Ready or Not\ReadyOrNot\Content\Paks\mod.io\3791\mods\4761012\LastResort_WorldGen_67473.sav
[01:02:39:196ms][Trace][File] Finish write to D:\Games\Ready or Not\ReadyOrNot\Content\Paks\mod.io\3791\mods\4761012\LastResort_WorldGen_67473.sav
[01:02:39:196ms][Trace][File] Begin write of 65536 bytes to D:\Games\Ready or Not\ReadyOrNot\Content\Paks\mod.io\3791\mods\4761012\LastResort_WorldGen_67473.sav
[01:02:39:196ms][Trace][File] Finish write to D:\Games\Ready or Not\ReadyOrNot\Content\Paks\mod.io\3791\mods\4761012\LastResort_WorldGen_67473.sav
[01:02:39:196ms][Trace][File] Begin write of 65536 bytes to D:\Games\Ready or Not\ReadyOrNot\Content\Paks\mod.io\3791\mods\4761012\LastResort_WorldGen_67473.sav
[01:02:39:196ms][Trace][File] Finish write to D:\Games\Ready or Not\ReadyOrNot\Content\Paks\mod.io\3791\mods\4761012\LastResort_WorldGen_67473.sav
[01:02:39:197ms][Trace][File] Begin write of 65536 bytes to D:\Games\Ready or Not\ReadyOrNot\Content\Paks\mod.io\3791\mods\4761012\LastResort_WorldGen_67473.sav
[01:02:39:197ms][Trace][File] Finish write to D:\Games\Ready or Not\ReadyOrNot\Content\Paks\mod.io\3791\mods\4761012\LastResort_WorldGen_67473.sav
[01:02:39:197ms][Trace][File] Begin write of 65536 bytes to D:\Games\Ready or Not\ReadyOrNot\Content\Paks\mod.io\3791\mods\4761012\LastResort_WorldGen_67473.sav
[01:02:39:197ms][Trace][File] Finish write to D:\Games\Ready or Not\ReadyOrNot\Content\Paks\mod.io\3791\mods\4761012\LastResort_WorldGen_67473.sav
[01:02:39:197ms][Trace][File] Begin write of 65536 bytes to D:\Games\Ready or Not\ReadyOrNot\Content\Paks\mod.io\3791\mods\4761012\LastResort_WorldGen_67473.sav
[01:02:39:197ms][Trace][File] Finish write to D:\Games\Ready or Not\ReadyOrNot\Content\Paks\mod.io\3791\mods\4761012\LastResort_WorldGen_67473.sav
[01:02:39:213ms][Trace][File] Begin write of 65536 bytes to D:\Games\Ready or Not\ReadyOrNot\Content\Paks\mod.io\3791\mods\4761012\LastResort_WorldGen_67473.sav
[01:02:39:213ms][Trace][File] Finish write to D:\Games\Ready or Not\ReadyOrNot\Content\Paks\mod.io\3791\mods\4761012\LastResort_WorldGen_67473.sav
[01:02:39:213ms][Trace][File] Begin write of 65536 bytes to D:\Games\Ready or Not\ReadyOrNot\Content\Paks\mod.io\3791\mods\4761012\LastResort_WorldGen_67473.sav
[01:02:39:213ms][Trace][File] Finish write to D:\Games\Ready or Not\ReadyOrNot\Content\Paks\mod.io\3791\mods\4761012\LastResort_WorldGen_67473.sav
[01:02:39:213ms][Trace][File] Begin write of 65536 bytes to D:\Games\Ready or Not\ReadyOrNot\Content\Paks\mod.io\3791\mods\4761012\LastResort_WorldGen_67473.sav
[01:02:39:213ms][Trace][File] Finish write to D:\Games\Ready or Not\ReadyOrNot\Content\Paks\mod.io\3791\mods\4761012\LastResort_WorldGen_67473.sav
[01:02:39:213ms][Trace][File] Begin write of 4958 bytes to D:\Games\Ready or Not\ReadyOrNot\Content\Paks\mod.io\3791\mods\4761012\LastResort_WorldGen_67473.sav
[01:02:39:213ms][Trace][File] Finish write to D:\Games\Ready or Not\ReadyOrNot\Content\Paks\mod.io\3791\mods\4761012\LastResort_WorldGen_67473.sav
[01:02:39:213ms][Trace][File] Begin read of 65536 bytes from C:\Users\SAPTAR~1\AppData\Local\Temp\lastresort_ron_101_wreadme.zip
[01:02:39:230ms][Trace][File] Finish read from C:\Users\SAPTAR~1\AppData\Local\Temp\lastresort_ron_101_wreadme.zip
[01:02:39:230ms][Trace][File] Begin write of 65536 bytes to D:\Games\Ready or Not\ReadyOrNot\Content\Paks\mod.io\3791\mods\4761012\LastResort_WorldGen_67473.sav
[01:02:39:230ms][Trace][File] Finish write to D:\Games\Ready or Not\ReadyOrNot\Content\Paks\mod.io\3791\mods\4761012\LastResort_WorldGen_67473.sav
[01:02:39:230ms][Trace][File] Begin write of 65536 bytes to D:\Games\Ready or Not\ReadyOrNot\Content\Paks\mod.io\3791\mods\4761012\LastResort_WorldGen_67473.sav
[01:02:39:230ms][Trace][File] Finish write to D:\Games\Ready or Not\ReadyOrNot\Content\Paks\mod.io\3791\mods\4761012\LastResort_WorldGen_67473.sav
[01:02:39:230ms][Trace][File] Begin write of 65536 bytes to D:\Games\Ready or Not\ReadyOrNot\Content\Paks\mod.io\3791\mods\4761012\LastResort_WorldGen_67473.sav
[01:02:39:230ms][Trace][File] Finish write to D:\Games\Ready or Not\ReadyOrNot\Content\Paks\mod.io\3791\mods\4761012\LastResort_WorldGen_67473.sav
[01:02:39:231ms][Trace][File] Begin write of 65536 bytes to D:\Games\Ready or Not\ReadyOrNot\Content\Paks\mod.io\3791\mods\4761012\LastResort_WorldGen_67473.sav
[01:02:39:231ms][Trace][File] Finish write to D:\Games\Ready or Not\ReadyOrNot\Content\Paks\mod.io\3791\mods\4761012\LastResort_WorldGen_67473.sav
[01:02:39:231ms][Trace][File] Begin write of 65536 bytes to D:\Games\Ready or Not\ReadyOrNot\Content\Paks\mod.io\3791\mods\4761012\LastResort_WorldGen_67473.sav
[01:02:39:231ms][Trace][File] Finish write to D:\Games\Ready or Not\ReadyOrNot\Content\Paks\mod.io\3791\mods\4761012\LastResort_WorldGen_67473.sav
[01:02:39:231ms][Trace][File] Begin write of 65536 bytes to D:\Games\Ready or Not\ReadyOrNot\Content\Paks\mod.io\3791\mods\4761012\LastResort_WorldGen_67473.sav
[01:02:39:231ms][Trace][File] Finish write to D:\Games\Ready or Not\ReadyOrNot\Content\Paks\mod.io\3791\mods\4761012\LastResort_WorldGen_67473.sav
[01:02:39:246ms][Trace][File] Begin write of 65536 bytes to D:\Games\Ready or Not\ReadyOrNot\Content\Paks\mod.io\3791\mods\4761012\LastResort_WorldGen_67473.sav
[01:02:39:246ms][Trace][File] Finish write to D:\Games\Ready or Not\ReadyOrNot\Content\Paks\mod.io\3791\mods\4761012\LastResort_WorldGen_67473.sav
[01:02:39:246ms][Trace][File] Begin write of 65536 bytes to D:\Games\Ready or Not\ReadyOrNot\Content\Paks\mod.io\3791\mods\4761012\LastResort_WorldGen_67473.sav
[01:02:39:246ms][Trace][File] Finish write to D:\Games\Ready or Not\ReadyOrNot\Content\Paks\mod.io\3791\mods\4761012\LastResort_WorldGen_67473.sav
[01:02:39:246ms][Trace][File] Begin write of 65536 bytes to D:\Games\Ready or Not\ReadyOrNot\Content\Paks\mod.io\3791\mods\4761012\LastResort_WorldGen_67473.sav
[01:02:39:246ms][Trace][File] Finish write to D:\Games\Ready or Not\ReadyOrNot\Content\Paks\mod.io\3791\mods\4761012\LastResort_WorldGen_67473.sav
[01:02:39:247ms][Trace][File] Begin write of 65536 bytes to D:\Games\Ready or Not\ReadyOrNot\Content\Paks\mod.io\3791\mods\4761012\LastResort_WorldGen_67473.sav
[01:02:39:247ms][Trace][File] Finish write to D:\Games\Ready or Not\ReadyOrNot\Content\Paks\mod.io\3791\mods\4761012\LastResort_WorldGen_67473.sav
[01:02:39:247ms][Trace][File] Begin write of 17722 bytes to D:\Games\Ready or Not\ReadyOrNot\Content\Paks\mod.io\3791\mods\4761012\LastResort_WorldGen_67473.sav
[01:02:39:247ms][Trace][File] Finish write to D:\Games\Ready or Not\ReadyOrNot\Content\Paks\mod.io\3791\mods\4761012\LastResort_WorldGen_67473.sav
[01:02:39:247ms][Trace][File] Begin read of 65536 bytes from C:\Users\SAPTAR~1\AppData\Local\Temp\lastresort_ron_101_wreadme.zip
[01:02:39:247ms][Trace][File] Finish read from C:\Users\SAPTAR~1\AppData\Local\Temp\lastresort_ron_101_wreadme.zip
[01:02:39:263ms][Trace][File] Begin write of 65536 bytes to D:\Games\Ready or Not\ReadyOrNot\Content\Paks\mod.io\3791\mods\4761012\LastResort_WorldGen_67473.sav
[01:02:39:263ms][Trace][File] Finish write to D:\Games\Ready or Not\ReadyOrNot\Content\Paks\mod.io\3791\mods\4761012\LastResort_WorldGen_67473.sav
[01:02:39:263ms][Trace][File] Begin write of 65536 bytes to D:\Games\Ready or Not\ReadyOrNot\Content\Paks\mod.io\3791\mods\4761012\LastResort_WorldGen_67473.sav
[01:02:39:263ms][Trace][File] Finish write to D:\Games\Ready or Not\ReadyOrNot\Content\Paks\mod.io\3791\mods\4761012\LastResort_WorldGen_67473.sav
[01:02:39:263ms][Trace][File] Begin write of 65536 bytes to D:\Games\Ready or Not\ReadyOrNot\Content\Paks\mod.io\3791\mods\4761012\LastResort_WorldGen_67473.sav
[01:02:39:263ms][Trace][File] Finish write to D:\Games\Ready or Not\ReadyOrNot\Content\Paks\mod.io\3791\mods\4761012\LastResort_WorldGen_67473.sav
[01:02:39:263ms][Trace][File] Begin write of 65536 bytes to D:\Games\Ready or Not\ReadyOrNot\Content\Paks\mod.io\3791\mods\4761012\LastResort_WorldGen_67473.sav
[01:02:39:263ms][Trace][File] Finish write to D:\Games\Ready or Not\ReadyOrNot\Content\Paks\mod.io\3791\mods\4761012\LastResort_WorldGen_67473.sav
[01:02:39:263ms][Trace][File] Begin write of 65536 bytes to D:\Games\Ready or Not\ReadyOrNot\Content\Paks\mod.io\3791\mods\4761012\LastResort_WorldGen_67473.sav
[01:02:39:263ms][Trace][File] Finish write to D:\Games\Ready or Not\ReadyOrNot\Content\Paks\mod.io\3791\mods\4761012\LastResort_WorldGen_67473.sav
[01:02:39:263ms][Trace][File] Begin write of 65536 bytes to D:\Games\Ready or Not\ReadyOrNot\Content\Paks\mod.io\3791\mods\4761012\LastResort_WorldGen_67473.sav
[01:02:39:263ms][Trace][File] Finish write to D:\Games\Ready or Not\ReadyOrNot\Content\Paks\mod.io\3791\mods\4761012\LastResort_WorldGen_67473.sav
[01:02:39:263ms][Trace][File] Begin write of 65536 bytes to D:\Games\Ready or Not\ReadyOrNot\Content\Paks\mod.io\3791\mods\4761012\LastResort_WorldGen_67473.sav
[01:02:39:263ms][Trace][File] Finish write to D:\Games\Ready or Not\ReadyOrNot\Content\Paks\mod.io\3791\mods\4761012\LastResort_WorldGen_67473.sav
[01:02:39:279ms][Trace][File] Begin write of 65536 bytes to D:\Games\Ready or Not\ReadyOrNot\Content\Paks\mod.io\3791\mods\4761012\LastResort_WorldGen_67473.sav
[01:02:39:279ms][Trace][File] Finish write to D:\Games\Ready or Not\ReadyOrNot\Content\Paks\mod.io\3791\mods\4761012\LastResort_WorldGen_67473.sav
[01:02:39:279ms][Trace][File] Begin write of 65536 bytes to D:\Games\Ready or Not\ReadyOrNot\Content\Paks\mod.io\3791\mods\4761012\LastResort_WorldGen_67473.sav
[01:02:39:279ms][Trace][File] Finish write to D:\Games\Ready or Not\ReadyOrNot\Content\Paks\mod.io\3791\mods\4761012\LastResort_WorldGen_67473.sav
[01:02:39:280ms][Trace][File] Begin write of 51593 bytes to D:\Games\Ready or Not\ReadyOrNot\Content\Paks\mod.io\3791\mods\4761012\LastResort_WorldGen_67473.sav
[01:02:39:280ms][Trace][File] Finish write to D:\Games\Ready or Not\ReadyOrNot\Content\Paks\mod.io\3791\mods\4761012\LastResort_WorldGen_67473.sav
[01:02:39:280ms][Trace][File] Begin read of 65536 bytes from C:\Users\SAPTAR~1\AppData\Local\Temp\lastresort_ron_101_wreadme.zip
[01:02:39:296ms][Trace][File] Finish read from C:\Users\SAPTAR~1\AppData\Local\Temp\lastresort_ron_101_wreadme.zip
[01:02:39:297ms][Trace][File] Begin write of 65536 bytes to D:\Games\Ready or Not\ReadyOrNot\Content\Paks\mod.io\3791\mods\4761012\LastResort_WorldGen_67473.sav
[01:02:39:297ms][Trace][File] Finish write to D:\Games\Ready or Not\ReadyOrNot\Content\Paks\mod.io\3791\mods\4761012\LastResort_WorldGen_67473.sav
[01:02:39:297ms][Trace][File] Begin write of 65536 bytes to D:\Games\Ready or Not\ReadyOrNot\Content\Paks\mod.io\3791\mods\4761012\LastResort_WorldGen_67473.sav
[01:02:39:297ms][Trace][File] Finish write to D:\Games\Ready or Not\ReadyOrNot\Content\Paks\mod.io\3791\mods\4761012\LastResort_WorldGen_67473.sav
[01:02:39:297ms][Trace][File] Begin write of 65536 bytes to D:\Games\Ready or Not\ReadyOrNot\Content\Paks\mod.io\3791\mods\4761012\LastResort_WorldGen_67473.sav
[01:02:39:297ms][Trace][File] Finish write to D:\Games\Ready or Not\ReadyOrNot\Content\Paks\mod.io\3791\mods\4761012\LastResort_WorldGen_67473.sav
[01:02:39:297ms][Trace][File] Begin write of 65536 bytes to D:\Games\Ready or Not\ReadyOrNot\Content\Paks\mod.io\3791\mods\4761012\LastResort_WorldGen_67473.sav
[01:02:39:297ms][Trace][File] Finish write to D:\Games\Ready or Not\ReadyOrNot\Content\Paks\mod.io\3791\mods\4761012\LastResort_WorldGen_67473.sav
[01:02:39:297ms][Trace][File] Begin write of 65536 bytes to D:\Games\Ready or Not\ReadyOrNot\Content\Paks\mod.io\3791\mods\4761012\LastResort_WorldGen_67473.sav
[01:02:39:297ms][Trace][File] Finish write to D:\Games\Ready or Not\ReadyOrNot\Content\Paks\mod.io\3791\mods\4761012\LastResort_WorldGen_67473.sav
[01:02:39:297ms][Trace][File] Begin write of 65536 bytes to D:\Games\Ready or Not\ReadyOrNot\Content\Paks\mod.io\3791\mods\4761012\LastResort_WorldGen_67473.sav
[01:02:39:297ms][Trace][File] Finish write to D:\Games\Ready or Not\ReadyOrNot\Content\Paks\mod.io\3791\mods\4761012\LastResort_WorldGen_67473.sav
[01:02:39:297ms][Trace][File] Begin write of 65536 bytes to D:\Games\Ready or Not\ReadyOrNot\Content\Paks\mod.io\3791\mods\4761012\LastResort_WorldGen_67473.sav
[01:02:39:297ms][Trace][File] Finish write to D:\Games\Ready or Not\ReadyOrNot\Content\Paks\mod.io\3791\mods\4761012\LastResort_WorldGen_67473.sav
[01:02:39:313ms][Trace][File] Begin write of 65536 bytes to D:\Games\Ready or Not\ReadyOrNot\Content\Paks\mod.io\3791\mods\4761012\LastResort_WorldGen_67473.sav
[01:02:39:313ms][Trace][File] Finish write to D:\Games\Ready or Not\ReadyOrNot\Content\Paks\mod.io\3791\mods\4761012\LastResort_WorldGen_67473.sav
[01:02:39:313ms][Trace][File] Begin write of 65536 bytes to D:\Games\Ready or Not\ReadyOrNot\Content\Paks\mod.io\3791\mods\4761012\LastResort_WorldGen_67473.sav
[01:02:39:313ms][Trace][File] Finish write to D:\Games\Ready or Not\ReadyOrNot\Content\Paks\mod.io\3791\mods\4761012\LastResort_WorldGen_67473.sav
[01:02:39:314ms][Trace][File] Begin write of 54728 bytes to D:\Games\Ready or Not\ReadyOrNot\Content\Paks\mod.io\3791\mods\4761012\LastResort_WorldGen_67473.sav
[01:02:39:314ms][Trace][File] Finish write to D:\Games\Ready or Not\ReadyOrNot\Content\Paks\mod.io\3791\mods\4761012\LastResort_WorldGen_67473.sav
[01:02:39:314ms][Trace][File] Begin read of 65536 bytes from C:\Users\SAPTAR~1\AppData\Local\Temp\lastresort_ron_101_wreadme.zip
[01:02:39:314ms][Trace][File] Finish read from C:\Users\SAPTAR~1\AppData\Local\Temp\lastresort_ron_101_wreadme.zip
[01:02:39:314ms][Trace][File] Begin write of 65536 bytes to D:\Games\Ready or Not\ReadyOrNot\Content\Paks\mod.io\3791\mods\4761012\LastResort_WorldGen_67473.sav
[01:02:39:314ms][Trace][File] Finish write to D:\Games\Ready or Not\ReadyOrNot\Content\Paks\mod.io\3791\mods\4761012\LastResort_WorldGen_67473.sav
[01:02:39:329ms][Trace][File] Begin write of 65536 bytes to D:\Games\Ready or Not\ReadyOrNot\Content\Paks\mod.io\3791\mods\4761012\LastResort_WorldGen_67473.sav
[01:02:39:329ms][Trace][File] Finish write to D:\Games\Ready or Not\ReadyOrNot\Content\Paks\mod.io\3791\mods\4761012\LastResort_WorldGen_67473.sav
[01:02:39:329ms][Trace][File] Begin write of 65536 bytes to D:\Games\Ready or Not\ReadyOrNot\Content\Paks\mod.io\3791\mods\4761012\LastResort_WorldGen_67473.sav
[01:02:39:329ms][Trace][File] Finish write to D:\Games\Ready or Not\ReadyOrNot\Content\Paks\mod.io\3791\mods\4761012\LastResort_WorldGen_67473.sav
[01:02:39:329ms][Trace][File] Begin write of 65536 bytes to D:\Games\Ready or Not\ReadyOrNot\Content\Paks\mod.io\3791\mods\4761012\LastResort_WorldGen_67473.sav
[01:02:39:329ms][Trace][File] Finish write to D:\Games\Ready or Not\ReadyOrNot\Content\Paks\mod.io\3791\mods\4761012\LastResort_WorldGen_67473.sav
[01:02:39:330ms][Trace][File] Begin write of 65536 bytes to D:\Games\Ready or Not\ReadyOrNot\Content\Paks\mod.io\3791\mods\4761012\LastResort_WorldGen_67473.sav
[01:02:39:330ms][Trace][File] Finish write to D:\Games\Ready or Not\ReadyOrNot\Content\Paks\mod.io\3791\mods\4761012\LastResort_WorldGen_67473.sav
[01:02:39:330ms][Trace][File] Begin write of 65536 bytes to D:\Games\Ready or Not\ReadyOrNot\Content\Paks\mod.io\3791\mods\4761012\LastResort_WorldGen_67473.sav
[01:02:39:330ms][Trace][File] Finish write to D:\Games\Ready or Not\ReadyOrNot\Content\Paks\mod.io\3791\mods\4761012\LastResort_WorldGen_67473.sav
[01:02:39:330ms][Trace][File] Begin write of 65536 bytes to D:\Games\Ready or Not\ReadyOrNot\Content\Paks\mod.io\3791\mods\4761012\LastResort_WorldGen_67473.sav
[01:02:39:330ms][Trace][File] Finish write to D:\Games\Ready or Not\ReadyOrNot\Content\Paks\mod.io\3791\mods\4761012\LastResort_WorldGen_67473.sav
[01:02:39:330ms][Trace][File] Begin write of 65536 bytes to D:\Games\Ready or Not\ReadyOrNot\Content\Paks\mod.io\3791\mods\4761012\LastResort_WorldGen_67473.sav
[01:02:39:330ms][Trace][File] Finish write to D:\Games\Ready or Not\ReadyOrNot\Content\Paks\mod.io\3791\mods\4761012\LastResort_WorldGen_67473.sav
[01:02:39:330ms][Trace][File] Begin write of 65536 bytes to D:\Games\Ready or Not\ReadyOrNot\Content\Paks\mod.io\3791\mods\4761012\LastResort_WorldGen_67473.sav
[01:02:39:330ms][Trace][File] Finish write to D:\Games\Ready or Not\ReadyOrNot\Content\Paks\mod.io\3791\mods\4761012\LastResort_WorldGen_67473.sav
[01:02:39:330ms][Trace][File] Begin write of 65536 bytes to D:\Games\Ready or Not\ReadyOrNot\Content\Paks\mod.io\3791\mods\4761012\LastResort_WorldGen_67473.sav
[01:02:39:330ms][Trace][File] Finish write to D:\Games\Ready or Not\ReadyOrNot\Content\Paks\mod.io\3791\mods\4761012\LastResort_WorldGen_67473.sav
[01:02:39:346ms][Trace][File] Begin write of 65536 bytes to D:\Games\Ready or Not\ReadyOrNot\Content\Paks\mod.io\3791\mods\4761012\LastResort_WorldGen_67473.sav
[01:02:39:346ms][Trace][File] Finish write to D:\Games\Ready or Not\ReadyOrNot\Content\Paks\mod.io\3791\mods\4761012\LastResort_WorldGen_67473.sav
[01:02:39:346ms][Trace][File] Begin write of 65536 bytes to D:\Games\Ready or Not\ReadyOrNot\Content\Paks\mod.io\3791\mods\4761012\LastResort_WorldGen_67473.sav
[01:02:39:346ms][Trace][File] Finish write to D:\Games\Ready or Not\ReadyOrNot\Content\Paks\mod.io\3791\mods\4761012\LastResort_WorldGen_67473.sav
[01:02:39:346ms][Trace][File] Begin write of 65536 bytes to D:\Games\Ready or Not\ReadyOrNot\Content\Paks\mod.io\3791\mods\4761012\LastResort_WorldGen_67473.sav
[01:02:39:346ms][Trace][File] Finish write to D:\Games\Ready or Not\ReadyOrNot\Content\Paks\mod.io\3791\mods\4761012\LastResort_WorldGen_67473.sav
[01:02:39:346ms][Trace][File] Begin write of 65536 bytes to D:\Games\Ready or Not\ReadyOrNot\Content\Paks\mod.io\3791\mods\4761012\LastResort_WorldGen_67473.sav
[01:02:39:346ms][Trace][File] Finish write to D:\Games\Ready or Not\ReadyOrNot\Content\Paks\mod.io\3791\mods\4761012\LastResort_WorldGen_67473.sav
[01:02:39:346ms][Trace][File] Begin write of 65536 bytes to D:\Games\Ready or Not\ReadyOrNot\Content\Paks\mod.io\3791\mods\4761012\LastResort_WorldGen_67473.sav
[01:02:39:347ms][Trace][File] Finish write to D:\Games\Ready or Not\ReadyOrNot\Content\Paks\mod.io\3791\mods\4761012\LastResort_WorldGen_67473.sav
[01:02:39:347ms][Trace][File] Begin write of 65536 bytes to D:\Games\Ready or Not\ReadyOrNot\Content\Paks\mod.io\3791\mods\4761012\LastResort_WorldGen_67473.sav
[01:02:39:347ms][Trace][File] Finish write to D:\Games\Ready or Not\ReadyOrNot\Content\Paks\mod.io\3791\mods\4761012\LastResort_WorldGen_67473.sav
[01:02:39:347ms][Trace][File] Begin write of 65536 bytes to D:\Games\Ready or Not\ReadyOrNot\Content\Paks\mod.io\3791\mods\4761012\LastResort_WorldGen_67473.sav
[01:02:39:347ms][Trace][File] Finish write to D:\Games\Ready or Not\ReadyOrNot\Content\Paks\mod.io\3791\mods\4761012\LastResort_WorldGen_67473.sav
[01:02:39:347ms][Trace][File] Begin write of 65536 bytes to D:\Games\Ready or Not\ReadyOrNot\Content\Paks\mod.io\3791\mods\4761012\LastResort_WorldGen_67473.sav
[01:02:39:347ms][Trace][File] Finish write to D:\Games\Ready or Not\ReadyOrNot\Content\Paks\mod.io\3791\mods\4761012\LastResort_WorldGen_67473.sav
[01:02:39:347ms][Trace][File] Begin write of 65536 bytes to D:\Games\Ready or Not\ReadyOrNot\Content\Paks\mod.io\3791\mods\4761012\LastResort_WorldGen_67473.sav
[01:02:39:347ms][Trace][File] Finish write to D:\Games\Ready or Not\ReadyOrNot\Content\Paks\mod.io\3791\mods\4761012\LastResort_WorldGen_67473.sav
[01:02:39:347ms][Trace][File] Begin write of 65536 bytes to D:\Games\Ready or Not\ReadyOrNot\Content\Paks\mod.io\3791\mods\4761012\LastResort_WorldGen_67473.sav
[01:02:39:347ms][Trace][File] Finish write to D:\Games\Ready or Not\ReadyOrNot\Content\Paks\mod.io\3791\mods\4761012\LastResort_WorldGen_67473.sav
[01:02:39:362ms][Trace][File] Begin write of 65536 bytes to D:\Games\Ready or Not\ReadyOrNot\Content\Paks\mod.io\3791\mods\4761012\LastResort_WorldGen_67473.sav
[01:02:39:363ms][Trace][File] Finish write to D:\Games\Ready or Not\ReadyOrNot\Content\Paks\mod.io\3791\mods\4761012\LastResort_WorldGen_67473.sav
[01:02:39:363ms][Trace][File] Begin write of 65536 bytes to D:\Games\Ready or Not\ReadyOrNot\Content\Paks\mod.io\3791\mods\4761012\LastResort_WorldGen_67473.sav
[01:02:39:363ms][Trace][File] Finish write to D:\Games\Ready or Not\ReadyOrNot\Content\Paks\mod.io\3791\mods\4761012\LastResort_WorldGen_67473.sav
[01:02:39:363ms][Trace][File] Begin write of 65536 bytes to D:\Games\Ready or Not\ReadyOrNot\Content\Paks\mod.io\3791\mods\4761012\LastResort_WorldGen_67473.sav
[01:02:39:363ms][Trace][File] Finish write to D:\Games\Ready or Not\ReadyOrNot\Content\Paks\mod.io\3791\mods\4761012\LastResort_WorldGen_67473.sav
[01:02:39:363ms][Trace][File] Begin write of 65536 bytes to D:\Games\Ready or Not\ReadyOrNot\Content\Paks\mod.io\3791\mods\4761012\LastResort_WorldGen_67473.sav
[01:02:39:363ms][Trace][File] Finish write to D:\Games\Ready or Not\ReadyOrNot\Content\Paks\mod.io\3791\mods\4761012\LastResort_WorldGen_67473.sav
[01:02:39:363ms][Trace][File] Begin write of 65536 bytes to D:\Games\Ready or Not\ReadyOrNot\Content\Paks\mod.io\3791\mods\4761012\LastResort_WorldGen_67473.sav
[01:02:39:363ms][Trace][File] Finish write to D:\Games\Ready or Not\ReadyOrNot\Content\Paks\mod.io\3791\mods\4761012\LastResort_WorldGen_67473.sav
[01:02:39:363ms][Trace][File] Begin write of 65536 bytes to D:\Games\Ready or Not\ReadyOrNot\Content\Paks\mod.io\3791\mods\4761012\LastResort_WorldGen_67473.sav
[01:02:39:363ms][Trace][File] Finish write to D:\Games\Ready or Not\ReadyOrNot\Content\Paks\mod.io\3791\mods\4761012\LastResort_WorldGen_67473.sav
[01:02:39:363ms][Trace][File] Begin write of 65536 bytes to D:\Games\Ready or Not\ReadyOrNot\Content\Paks\mod.io\3791\mods\4761012\LastResort_WorldGen_67473.sav
[01:02:39:363ms][Trace][File] Finish write to D:\Games\Ready or Not\ReadyOrNot\Content\Paks\mod.io\3791\mods\4761012\LastResort_WorldGen_67473.sav
[01:02:39:363ms][Trace][File] Begin write of 65536 bytes to D:\Games\Ready or Not\ReadyOrNot\Content\Paks\mod.io\3791\mods\4761012\LastResort_WorldGen_67473.sav
[01:02:39:363ms][Trace][File] Finish write to D:\Games\Ready or Not\ReadyOrNot\Content\Paks\mod.io\3791\mods\4761012\LastResort_WorldGen_67473.sav
[01:02:39:363ms][Trace][File] Begin write of 65536 bytes to D:\Games\Ready or Not\ReadyOrNot\Content\Paks\mod.io\3791\mods\4761012\LastResort_WorldGen_67473.sav
[01:02:39:363ms][Trace][File] Finish write to D:\Games\Ready or Not\ReadyOrNot\Content\Paks\mod.io\3791\mods\4761012\LastResort_WorldGen_67473.sav
[01:02:39:363ms][Trace][File] Begin write of 65536 bytes to D:\Games\Ready or Not\ReadyOrNot\Content\Paks\mod.io\3791\mods\4761012\LastResort_WorldGen_67473.sav
[01:02:39:363ms][Trace][File] Finish write to D:\Games\Ready or Not\ReadyOrNot\Content\Paks\mod.io\3791\mods\4761012\LastResort_WorldGen_67473.sav
[01:02:39:379ms][Trace][File] Begin write of 65536 bytes to D:\Games\Ready or Not\ReadyOrNot\Content\Paks\mod.io\3791\mods\4761012\LastResort_WorldGen_67473.sav
[01:02:39:379ms][Trace][File] Finish write to D:\Games\Ready or Not\ReadyOrNot\Content\Paks\mod.io\3791\mods\4761012\LastResort_WorldGen_67473.sav
[01:02:39:379ms][Trace][File] Begin write of 65536 bytes to D:\Games\Ready or Not\ReadyOrNot\Content\Paks\mod.io\3791\mods\4761012\LastResort_WorldGen_67473.sav
[01:02:39:379ms][Trace][File] Finish write to D:\Games\Ready or Not\ReadyOrNot\Content\Paks\mod.io\3791\mods\4761012\LastResort_WorldGen_67473.sav
[01:02:39:380ms][Trace][File] Begin write of 65536 bytes to D:\Games\Ready or Not\ReadyOrNot\Content\Paks\mod.io\3791\mods\4761012\LastResort_WorldGen_67473.sav
[01:02:39:380ms][Trace][File] Finish write to D:\Games\Ready or Not\ReadyOrNot\Content\Paks\mod.io\3791\mods\4761012\LastResort_WorldGen_67473.sav
[01:02:39:380ms][Trace][File] Begin write of 65536 bytes to D:\Games\Ready or Not\ReadyOrNot\Content\Paks\mod.io\3791\mods\4761012\LastResort_WorldGen_67473.sav
[01:02:39:380ms][Trace][File] Finish write to D:\Games\Ready or Not\ReadyOrNot\Content\Paks\mod.io\3791\mods\4761012\LastResort_WorldGen_67473.sav
[01:02:39:380ms][Trace][File] Begin write of 18553 bytes to D:\Games\Ready or Not\ReadyOrNot\Content\Paks\mod.io\3791\mods\4761012\LastResort_WorldGen_67473.sav
[01:02:39:380ms][Trace][File] Finish write to D:\Games\Ready or Not\ReadyOrNot\Content\Paks\mod.io\3791\mods\4761012\LastResort_WorldGen_67473.sav
[01:02:39:380ms][Trace][File] Begin read of 8462 bytes from C:\Users\SAPTAR~1\AppData\Local\Temp\lastresort_ron_101_wreadme.zip
[01:02:39:396ms][Trace][File] Finish read from C:\Users\SAPTAR~1\AppData\Local\Temp\lastresort_ron_101_wreadme.zip
[01:02:39:396ms][Trace][File] Begin write of 65536 bytes to D:\Games\Ready or Not\ReadyOrNot\Content\Paks\mod.io\3791\mods\4761012\LastResort_WorldGen_67473.sav
[01:02:39:396ms][Trace][File] Finish write to D:\Games\Ready or Not\ReadyOrNot\Content\Paks\mod.io\3791\mods\4761012\LastResort_WorldGen_67473.sav
[01:02:39:396ms][Trace][File] Begin write of 65536 bytes to D:\Games\Ready or Not\ReadyOrNot\Content\Paks\mod.io\3791\mods\4761012\LastResort_WorldGen_67473.sav
[01:02:39:396ms][Trace][File] Finish write to D:\Games\Ready or Not\ReadyOrNot\Content\Paks\mod.io\3791\mods\4761012\LastResort_WorldGen_67473.sav
[01:02:39:396ms][Trace][File] Begin write of 3143 bytes to D:\Games\Ready or Not\ReadyOrNot\Content\Paks\mod.io\3791\mods\4761012\LastResort_WorldGen_67473.sav
[01:02:39:396ms][Trace][File] Finish write to D:\Games\Ready or Not\ReadyOrNot\Content\Paks\mod.io\3791\mods\4761012\LastResort_WorldGen_67473.sav
[01:02:39:397ms][Info][Compression] Extracting entry in Deflate pakchunk99-LastResort.pak
[01:02:39:413ms][Trace][File] Begin read of 65536 bytes from C:\Users\SAPTAR~1\AppData\Local\Temp\lastresort_ron_101_wreadme.zip
[01:02:39:413ms][Trace][File] Finish read from C:\Users\SAPTAR~1\AppData\Local\Temp\lastresort_ron_101_wreadme.zip
[01:02:39:429ms][Trace][File] Begin write of 65536 bytes to D:\Games\Ready or Not\ReadyOrNot\Content\Paks\mod.io\3791\mods\4761012\pakchunk99-LastResort.pak
[01:02:39:429ms][Trace][File] Finish write to D:\Games\Ready or Not\ReadyOrNot\Content\Paks\mod.io\3791\mods\4761012\pakchunk99-LastResort.pak
[01:02:39:429ms][Trace][File] Begin write of 2850 bytes to D:\Games\Ready or Not\ReadyOrNot\Content\Paks\mod.io\3791\mods\4761012\pakchunk99-LastResort.pak
[01:02:39:429ms][Trace][File] Finish write to D:\Games\Ready or Not\ReadyOrNot\Content\Paks\mod.io\3791\mods\4761012\pakchunk99-LastResort.pak
[01:02:39:429ms][Trace][File] Begin read of 65536 bytes from C:\Users\SAPTAR~1\AppData\Local\Temp\lastresort_ron_101_wreadme.zip
[01:02:39:430ms][Trace][File] Finish read from C:\Users\SAPTAR~1\AppData\Local\Temp\lastresort_ron_101_wreadme.zip
[01:02:39:446ms][Trace][File] Begin write of 65536 bytes to D:\Games\Ready or Not\ReadyOrNot\Content\Paks\mod.io\3791\mods\4761012\pakchunk99-LastResort.pak
[01:02:39:446ms][Trace][File] Finish write to D:\Games\Ready or Not\ReadyOrNot\Content\Paks\mod.io\3791\mods\4761012\pakchunk99-LastResort.pak
[01:02:39:446ms][Trace][File] Begin write of 1890 bytes to D:\Games\Ready or Not\ReadyOrNot\Content\Paks\mod.io\3791\mods\4761012\pakchunk99-LastResort.pak
[01:02:39:446ms][Trace][File] Finish write to D:\Games\Ready or Not\ReadyOrNot\Content\Paks\mod.io\3791\mods\4761012\pakchunk99-LastResort.pak
[01:02:39:446ms][Trace][File] Begin read of 65536 bytes from C:\Users\SAPTAR~1\AppData\Local\Temp\lastresort_ron_101_wreadme.zip
[01:02:39:447ms][Trace][File] Finish read from C:\Users\SAPTAR~1\AppData\Local\Temp\lastresort_ron_101_wreadme.zip
[01:02:39:462ms][Trace][File] Begin write of 65536 bytes to D:\Games\Ready or Not\ReadyOrNot\Content\Paks\mod.io\3791\mods\4761012\pakchunk99-LastResort.pak
[01:02:39:463ms][Trace][File] Finish write to D:\Games\Ready or Not\ReadyOrNot\Content\Paks\mod.io\3791\mods\4761012\pakchunk99-LastResort.pak
[01:02:39:463ms][Trace][File] Begin write of 2746 bytes to D:\Games\Ready or Not\ReadyOrNot\Content\Paks\mod.io\3791\mods\4761012\pakchunk99-LastResort.pak
[01:02:39:463ms][Trace][File] Finish write to D:\Games\Ready or Not\ReadyOrNot\Content\Paks\mod.io\3791\mods\4761012\pakchunk99-LastResort.pak
[01:02:39:463ms][Trace][File] Begin read of 65536 bytes from C:\Users\SAPTAR~1\AppData\Local\Temp\lastresort_ron_101_wreadme.zip
[01:02:39:463ms][Trace][File] Finish read from C:\Users\SAPTAR~1\AppData\Local\Temp\lastresort_ron_101_wreadme.zip
[01:02:39:479ms][Trace][File] Begin write of 65536 bytes to D:\Games\Ready or Not\ReadyOrNot\Content\Paks\mod.io\3791\mods\4761012\pakchunk99-LastResort.pak
[01:02:39:480ms][Trace][File] Finish write to D:\Games\Ready or Not\ReadyOrNot\Content\Paks\mod.io\3791\mods\4761012\pakchunk99-LastResort.pak
[01:02:39:480ms][Trace][File] Begin write of 1814 bytes to D:\Games\Ready or Not\ReadyOrNot\Content\Paks\mod.io\3791\mods\4761012\pakchunk99-LastResort.pak
[01:02:39:480ms][Trace][File] Finish write to D:\Games\Ready or Not\ReadyOrNot\Content\Paks\mod.io\3791\mods\4761012\pakchunk99-LastResort.pak
[01:02:39:480ms][Trace][File] Begin read of 65536 bytes from C:\Users\SAPTAR~1\AppData\Local\Temp\lastresort_ron_101_wreadme.zip
[01:02:39:480ms][Trace][File] Finish read from C:\Users\SAPTAR~1\AppData\Local\Temp\lastresort_ron_101_wreadme.zip
[01:02:39:496ms][Trace][File] Begin write of 65536 bytes to D:\Games\Ready or Not\ReadyOrNot\Content\Paks\mod.io\3791\mods\4761012\pakchunk99-LastResort.pak
[01:02:39:496ms][Trace][File] Finish write to D:\Games\Ready or Not\ReadyOrNot\Content\Paks\mod.io\3791\mods\4761012\pakchunk99-LastResort.pak
[01:02:39:496ms][Trace][File] Begin write of 2120 bytes to D:\Games\Ready or Not\ReadyOrNot\Content\Paks\mod.io\3791\mods\4761012\pakchunk99-LastResort.pak
[01:02:39:496ms][Trace][File] Finish write to D:\Games\Ready or Not\ReadyOrNot\Content\Paks\mod.io\3791\mods\4761012\pakchunk99-LastResort.pak
[01:02:39:496ms][Trace][File] Begin read of 65536 bytes from C:\Users\SAPTAR~1\AppData\Local\Temp\lastresort_ron_101_wreadme.zip
[01:02:39:497ms][Trace][File] Finish read from C:\Users\SAPTAR~1\AppData\Local\Temp\lastresort_ron_101_wreadme.zip
[01:02:39:512ms][Trace][File] Begin write of 65536 bytes to D:\Games\Ready or Not\ReadyOrNot\Content\Paks\mod.io\3791\mods\4761012\pakchunk99-LastResort.pak
[01:02:39:513ms][Trace][File] Finish write to D:\Games\Ready or Not\ReadyOrNot\Content\Paks\mod.io\3791\mods\4761012\pakchunk99-LastResort.pak
[01:02:39:513ms][Trace][File] Begin write of 2070 bytes to D:\Games\Ready or Not\ReadyOrNot\Content\Paks\mod.io\3791\mods\4761012\pakchunk99-LastResort.pak
[01:02:39:513ms][Trace][File] Finish write to D:\Games\Ready or Not\ReadyOrNot\Content\Paks\mod.io\3791\mods\4761012\pakchunk99-LastResort.pak
[01:02:39:513ms][Trace][File] Begin read of 65536 bytes from C:\Users\SAPTAR~1\AppData\Local\Temp\lastresort_ron_101_wreadme.zip
[01:02:39:513ms][Trace][File] Finish read from C:\Users\SAPTAR~1\AppData\Local\Temp\lastresort_ron_101_wreadme.zip
[01:02:39:530ms][Trace][File] Begin write of 65536 bytes to D:\Games\Ready or Not\ReadyOrNot\Content\Paks\mod.io\3791\mods\4761012\pakchunk99-LastResort.pak
[01:02:39:530ms][Trace][File] Finish write to D:\Games\Ready or Not\ReadyOrNot\Content\Paks\mod.io\3791\mods\4761012\pakchunk99-LastResort.pak
[01:02:39:530ms][Trace][File] Begin write of 1611 bytes to D:\Games\Ready or Not\ReadyOrNot\Content\Paks\mod.io\3791\mods\4761012\pakchunk99-LastResort.pak
[01:02:39:530ms][Trace][File] Finish write to D:\Games\Ready or Not\ReadyOrNot\Content\Paks\mod.io\3791\mods\4761012\pakchunk99-LastResort.pak
[01:02:39:530ms][Trace][File] Begin read of 65536 bytes from C:\Users\SAPTAR~1\AppData\Local\Temp\lastresort_ron_101_wreadme.zip
[01:02:39:531ms][Trace][File] Finish read from C:\Users\SAPTAR~1\AppData\Local\Temp\lastresort_ron_101_wreadme.zip
[01:02:39:546ms][Trace][File] Begin write of 65536 bytes to D:\Games\Ready or Not\ReadyOrNot\Content\Paks\mod.io\3791\mods\4761012\pakchunk99-LastResort.pak
[01:02:39:546ms][Trace][File] Finish write to D:\Games\Ready or Not\ReadyOrNot\Content\Paks\mod.io\3791\mods\4761012\pakchunk99-LastResort.pak
[01:02:39:546ms][Trace][File] Begin write of 3142 bytes to D:\Games\Ready or Not\ReadyOrNot\Content\Paks\mod.io\3791\mods\4761012\pakchunk99-LastResort.pak
[01:02:39:546ms][Trace][File] Finish write to D:\Games\Ready or Not\ReadyOrNot\Content\Paks\mod.io\3791\mods\4761012\pakchunk99-LastResort.pak
[01:02:39:546ms][Trace][File] Begin read of 65536 bytes from C:\Users\SAPTAR~1\AppData\Local\Temp\lastresort_ron_101_wreadme.zip
[01:02:39:547ms][Trace][File] Finish read from C:\Users\SAPTAR~1\AppData\Local\Temp\lastresort_ron_101_wreadme.zip
[01:02:39:563ms][Trace][File] Begin write of 65536 bytes to D:\Games\Ready or Not\ReadyOrNot\Content\Paks\mod.io\3791\mods\4761012\pakchunk99-LastResort.pak
[01:02:39:563ms][Trace][File] Finish write to D:\Games\Ready or Not\ReadyOrNot\Content\Paks\mod.io\3791\mods\4761012\pakchunk99-LastResort.pak
[01:02:39:563ms][Trace][File] Begin write of 1691 bytes to D:\Games\Ready or Not\ReadyOrNot\Content\Paks\mod.io\3791\mods\4761012\pakchunk99-LastResort.pak
[01:02:39:563ms][Trace][File] Finish write to D:\Games\Ready or Not\ReadyOrNot\Content\Paks\mod.io\3791\mods\4761012\pakchunk99-LastResort.pak
[01:02:39:563ms][Trace][File] Begin read of 65536 bytes from C:\Users\SAPTAR~1\AppData\Local\Temp\lastresort_ron_101_wreadme.zip
[01:02:39:563ms][Trace][File] Finish read from C:\Users\SAPTAR~1\AppData\Local\Temp\lastresort_ron_101_wreadme.zip
[01:02:39:579ms][Trace][File] Begin write of 65536 bytes to D:\Games\Ready or Not\ReadyOrNot\Content\Paks\mod.io\3791\mods\4761012\pakchunk99-LastResort.pak
[01:02:39:579ms][Trace][File] Finish write to D:\Games\Ready or Not\ReadyOrNot\Content\Paks\mod.io\3791\mods\4761012\pakchunk99-LastResort.pak
[01:02:39:579ms][Trace][File] Begin write of 1489 bytes to D:\Games\Ready or Not\ReadyOrNot\Content\Paks\mod.io\3791\mods\4761012\pakchunk99-LastResort.pak
[01:02:39:579ms][Trace][File] Finish write to D:\Games\Ready or Not\ReadyOrNot\Content\Paks\mod.io\3791\mods\4761012\pakchunk99-LastResort.pak
[01:02:39:579ms][Trace][File] Begin read of 65536 bytes from C:\Users\SAPTAR~1\AppData\Local\Temp\lastresort_ron_101_wreadme.zip
[01:02:39:580ms][Trace][File] Finish read from C:\Users\SAPTAR~1\AppData\Local\Temp\lastresort_ron_101_wreadme.zip
[01:02:39:596ms][Trace][File] Begin write of 65536 bytes to D:\Games\Ready or Not\ReadyOrNot\Content\Paks\mod.io\3791\mods\4761012\pakchunk99-LastResort.pak
[01:02:39:596ms][Trace][File] Finish write to D:\Games\Ready or Not\ReadyOrNot\Content\Paks\mod.io\3791\mods\4761012\pakchunk99-LastResort.pak
[01:02:39:596ms][Trace][File] Begin write of 2157 bytes to D:\Games\Ready or Not\ReadyOrNot\Content\Paks\mod.io\3791\mods\4761012\pakchunk99-LastResort.pak
[01:02:39:596ms][Trace][File] Finish write to D:\Games\Ready or Not\ReadyOrNot\Content\Paks\mod.io\3791\mods\4761012\pakchunk99-LastResort.pak
[01:02:39:596ms][Trace][File] Begin read of 65536 bytes from C:\Users\SAPTAR~1\AppData\Local\Temp\lastresort_ron_101_wreadme.zip
[01:02:39:597ms][Trace][File] Finish read from C:\Users\SAPTAR~1\AppData\Local\Temp\lastresort_ron_101_wreadme.zip
[01:02:39:612ms][Trace][File] Begin write of 65536 bytes to D:\Games\Ready or Not\ReadyOrNot\Content\Paks\mod.io\3791\mods\4761012\pakchunk99-LastResort.pak
[01:02:39:612ms][Trace][File] Finish write to D:\Games\Ready or Not\ReadyOrNot\Content\Paks\mod.io\3791\mods\4761012\pakchunk99-LastResort.pak
[01:02:39:612ms][Trace][File] Begin write of 2895 bytes to D:\Games\Ready or Not\ReadyOrNot\Content\Paks\mod.io\3791\mods\4761012\pakchunk99-LastResort.pak
[01:02:39:612ms][Trace][File] Finish write to D:\Games\Ready or Not\ReadyOrNot\Content\Paks\mod.io\3791\mods\4761012\pakchunk99-LastResort.pak
[01:02:39:612ms][Trace][File] Begin read of 65536 bytes from C:\Users\SAPTAR~1\AppData\Local\Temp\lastresort_ron_101_wreadme.zip
[01:02:39:613ms][Trace][File] Finish read from C:\Users\SAPTAR~1\AppData\Local\Temp\lastresort_ron_101_wreadme.zip
[01:02:39:629ms][Trace][File] Begin write of 65536 bytes to D:\Games\Ready or Not\ReadyOrNot\Content\Paks\mod.io\3791\mods\4761012\pakchunk99-LastResort.pak
[01:02:39:629ms][Trace][File] Finish write to D:\Games\Ready or Not\ReadyOrNot\Content\Paks\mod.io\3791\mods\4761012\pakchunk99-LastResort.pak
[01:02:39:629ms][Trace][File] Begin write of 1965 bytes to D:\Games\Ready or Not\ReadyOrNot\Content\Paks\mod.io\3791\mods\4761012\pakchunk99-LastResort.pak
[01:02:39:629ms][Trace][File] Finish write to D:\Games\Ready or Not\ReadyOrNot\Content\Paks\mod.io\3791\mods\4761012\pakchunk99-LastResort.pak
[01:02:39:629ms][Trace][File] Begin read of 65536 bytes from C:\Users\SAPTAR~1\AppData\Local\Temp\lastresort_ron_101_wreadme.zip
[01:02:39:630ms][Trace][File] Finish read from C:\Users\SAPTAR~1\AppData\Local\Temp\lastresort_ron_101_wreadme.zip
[01:02:39:646ms][Trace][File] Begin write of 65536 bytes to D:\Games\Ready or Not\ReadyOrNot\Content\Paks\mod.io\3791\mods\4761012\pakchunk99-LastResort.pak
[01:02:39:646ms][Trace][File] Finish write to D:\Games\Ready or Not\ReadyOrNot\Content\Paks\mod.io\3791\mods\4761012\pakchunk99-LastResort.pak
[01:02:39:646ms][Trace][File] Begin write of 2747 bytes to D:\Games\Ready or Not\ReadyOrNot\Content\Paks\mod.io\3791\mods\4761012\pakchunk99-LastResort.pak
[01:02:39:646ms][Trace][File] Finish write to D:\Games\Ready or Not\ReadyOrNot\Content\Paks\mod.io\3791\mods\4761012\pakchunk99-LastResort.pak
[01:02:39:646ms][Trace][File] Begin read of 65536 bytes from C:\Users\SAPTAR~1\AppData\Local\Temp\lastresort_ron_101_wreadme.zip
[01:02:39:647ms][Trace][File] Finish read from C:\Users\SAPTAR~1\AppData\Local\Temp\lastresort_ron_101_wreadme.zip
[01:02:39:662ms][Trace][File] Begin write of 65536 bytes to D:\Games\Ready or Not\ReadyOrNot\Content\Paks\mod.io\3791\mods\4761012\pakchunk99-LastResort.pak
[01:02:39:662ms][Trace][File] Finish write to D:\Games\Ready or Not\ReadyOrNot\Content\Paks\mod.io\3791\mods\4761012\pakchunk99-LastResort.pak
[01:02:39:662ms][Trace][File] Begin write of 2157 bytes to D:\Games\Ready or Not\ReadyOrNot\Content\Paks\mod.io\3791\mods\4761012\pakchunk99-LastResort.pak
[01:02:39:662ms][Trace][File] Finish write to D:\Games\Ready or Not\ReadyOrNot\Content\Paks\mod.io\3791\mods\4761012\pakchunk99-LastResort.pak
[01:02:39:662ms][Trace][File] Begin read of 65536 bytes from C:\Users\SAPTAR~1\AppData\Local\Temp\lastresort_ron_101_wreadme.zip
[01:02:39:663ms][Trace][File] Finish read from C:\Users\SAPTAR~1\AppData\Local\Temp\lastresort_ron_101_wreadme.zip
[01:02:39:679ms][Trace][File] Begin write of 65536 bytes to D:\Games\Ready or Not\ReadyOrNot\Content\Paks\mod.io\3791\mods\4761012\pakchunk99-LastResort.pak
[01:02:39:679ms][Trace][File] Finish write to D:\Games\Ready or Not\ReadyOrNot\Content\Paks\mod.io\3791\mods\4761012\pakchunk99-LastResort.pak
[01:02:39:679ms][Trace][File] Begin write of 2081 bytes to D:\Games\Ready or Not\ReadyOrNot\Content\Paks\mod.io\3791\mods\4761012\pakchunk99-LastResort.pak
[01:02:39:679ms][Trace][File] Finish write to D:\Games\Ready or Not\ReadyOrNot\Content\Paks\mod.io\3791\mods\4761012\pakchunk99-LastResort.pak
[01:02:39:679ms][Trace][File] Begin read of 65536 bytes from C:\Users\SAPTAR~1\AppData\Local\Temp\lastresort_ron_101_wreadme.zip
[01:02:39:680ms][Trace][File] Finish read from C:\Users\SAPTAR~1\AppData\Local\Temp\lastresort_ron_101_wreadme.zip
[01:02:39:696ms][Trace][File] Begin write of 65536 bytes to D:\Games\Ready or Not\ReadyOrNot\Content\Paks\mod.io\3791\mods\4761012\pakchunk99-LastResort.pak
[01:02:39:696ms][Trace][File] Finish write to D:\Games\Ready or Not\ReadyOrNot\Content\Paks\mod.io\3791\mods\4761012\pakchunk99-LastResort.pak
[01:02:39:696ms][Trace][File] Begin write of 1549 bytes to D:\Games\Ready or Not\ReadyOrNot\Content\Paks\mod.io\3791\mods\4761012\pakchunk99-LastResort.pak
[01:02:39:696ms][Trace][File] Finish write to D:\Games\Ready or Not\ReadyOrNot\Content\Paks\mod.io\3791\mods\4761012\pakchunk99-LastResort.pak
[01:02:39:696ms][Trace][File] Begin read of 65536 bytes from C:\Users\SAPTAR~1\AppData\Local\Temp\lastresort_ron_101_wreadme.zip
[01:02:39:696ms][Trace][File] Finish read from C:\Users\SAPTAR~1\AppData\Local\Temp\lastresort_ron_101_wreadme.zip
[01:02:39:696ms][Trace][File] Begin write of 65536 bytes to D:\Games\Ready or Not\ReadyOrNot\Content\Paks\mod.io\3791\mods\4761012\pakchunk99-LastResort.pak
[01:02:39:696ms][Trace][File] Finish write to D:\Games\Ready or Not\ReadyOrNot\Content\Paks\mod.io\3791\mods\4761012\pakchunk99-LastResort.pak
[01:02:39:696ms][Trace][File] Begin write of 2573 bytes to D:\Games\Ready or Not\ReadyOrNot\Content\Paks\mod.io\3791\mods\4761012\pakchunk99-LastResort.pak
[01:02:39:697ms][Trace][File] Finish write to D:\Games\Ready or Not\ReadyOrNot\Content\Paks\mod.io\3791\mods\4761012\pakchunk99-LastResort.pak
[01:02:39:697ms][Trace][File] Begin read of 65536 bytes from C:\Users\SAPTAR~1\AppData\Local\Temp\lastresort_ron_101_wreadme.zip
[01:02:39:713ms][Trace][File] Finish read from C:\Users\SAPTAR~1\AppData\Local\Temp\lastresort_ron_101_wreadme.zip
[01:02:39:713ms][Trace][File] Begin write of 65536 bytes to D:\Games\Ready or Not\ReadyOrNot\Content\Paks\mod.io\3791\mods\4761012\pakchunk99-LastResort.pak
[01:02:39:713ms][Trace][File] Finish write to D:\Games\Ready or Not\ReadyOrNot\Content\Paks\mod.io\3791\mods\4761012\pakchunk99-LastResort.pak
[01:02:39:713ms][Trace][File] Begin write of 3162 bytes to D:\Games\Ready or Not\ReadyOrNot\Content\Paks\mod.io\3791\mods\4761012\pakchunk99-LastResort.pak
[01:02:39:713ms][Trace][File] Finish write to D:\Games\Ready or Not\ReadyOrNot\Content\Paks\mod.io\3791\mods\4761012\pakchunk99-LastResort.pak
[01:02:39:713ms][Trace][File] Begin read of 65536 bytes from C:\Users\SAPTAR~1\AppData\Local\Temp\lastresort_ron_101_wreadme.zip
[01:02:39:729ms][Trace][File] Finish read from C:\Users\SAPTAR~1\AppData\Local\Temp\lastresort_ron_101_wreadme.zip
[01:02:39:729ms][Trace][File] Begin write of 65536 bytes to D:\Games\Ready or Not\ReadyOrNot\Content\Paks\mod.io\3791\mods\4761012\pakchunk99-LastResort.pak
[01:02:39:730ms][Trace][File] Finish write to D:\Games\Ready or Not\ReadyOrNot\Content\Paks\mod.io\3791\mods\4761012\pakchunk99-LastResort.pak
[01:02:39:730ms][Trace][File] Begin write of 2584 bytes to D:\Games\Ready or Not\ReadyOrNot\Content\Paks\mod.io\3791\mods\4761012\pakchunk99-LastResort.pak
[01:02:39:730ms][Trace][File] Finish write to D:\Games\Ready or Not\ReadyOrNot\Content\Paks\mod.io\3791\mods\4761012\pakchunk99-LastResort.pak
[01:02:39:730ms][Trace][File] Begin read of 65536 bytes from C:\Users\SAPTAR~1\AppData\Local\Temp\lastresort_ron_101_wreadme.zip
[01:02:39:747ms][Trace][File] Finish read from C:\Users\SAPTAR~1\AppData\Local\Temp\lastresort_ron_101_wreadme.zip
[01:02:39:748ms][Trace][File] Begin write of 65536 bytes to D:\Games\Ready or Not\ReadyOrNot\Content\Paks\mod.io\3791\mods\4761012\pakchunk99-LastResort.pak
[01:02:39:748ms][Trace][File] Finish write to D:\Games\Ready or Not\ReadyOrNot\Content\Paks\mod.io\3791\mods\4761012\pakchunk99-LastResort.pak
[01:02:39:748ms][Trace][File] Begin write of 1683 bytes to D:\Games\Ready or Not\ReadyOrNot\Content\Paks\mod.io\3791\mods\4761012\pakchunk99-LastResort.pak
[01:02:39:748ms][Trace][File] Finish write to D:\Games\Ready or Not\ReadyOrNot\Content\Paks\mod.io\3791\mods\4761012\pakchunk99-LastResort.pak
[01:02:39:748ms][Trace][File] Begin read of 65536 bytes from C:\Users\SAPTAR~1\AppData\Local\Temp\lastresort_ron_101_wreadme.zip
[01:02:39:748ms][Trace][File] Finish read from C:\Users\SAPTAR~1\AppData\Local\Temp\lastresort_ron_101_wreadme.zip
[01:02:39:762ms][Trace][File] Begin write of 65536 bytes to D:\Games\Ready or Not\ReadyOrNot\Content\Paks\mod.io\3791\mods\4761012\pakchunk99-LastResort.pak
[01:02:39:763ms][Trace][File] Finish write to D:\Games\Ready or Not\ReadyOrNot\Content\Paks\mod.io\3791\mods\4761012\pakchunk99-LastResort.pak
[01:02:39:763ms][Trace][File] Begin write of 2606 bytes to D:\Games\Ready or Not\ReadyOrNot\Content\Paks\mod.io\3791\mods\4761012\pakchunk99-LastResort.pak
[01:02:39:763ms][Trace][File] Finish write to D:\Games\Ready or Not\ReadyOrNot\Content\Paks\mod.io\3791\mods\4761012\pakchunk99-LastResort.pak
[01:02:39:763ms][Trace][File] Begin read of 65536 bytes from C:\Users\SAPTAR~1\AppData\Local\Temp\lastresort_ron_101_wreadme.zip
[01:02:39:763ms][Trace][File] Finish read from C:\Users\SAPTAR~1\AppData\Local\Temp\lastresort_ron_101_wreadme.zip
[01:02:39:763ms][Trace][File] Begin write of 65536 bytes to D:\Games\Ready or Not\ReadyOrNot\Content\Paks\mod.io\3791\mods\4761012\pakchunk99-LastResort.pak
[01:02:39:763ms][Trace][File] Finish write to D:\Games\Ready or Not\ReadyOrNot\Content\Paks\mod.io\3791\mods\4761012\pakchunk99-LastResort.pak
[01:02:39:763ms][Trace][File] Begin write of 2002 bytes to D:\Games\Ready or Not\ReadyOrNot\Content\Paks\mod.io\3791\mods\4761012\pakchunk99-LastResort.pak
[01:02:39:763ms][Trace][File] Finish write to D:\Games\Ready or Not\ReadyOrNot\Content\Paks\mod.io\3791\mods\4761012\pakchunk99-LastResort.pak
[01:02:39:763ms][Trace][File] Begin read of 65536 bytes from C:\Users\SAPTAR~1\AppData\Local\Temp\lastresort_ron_101_wreadme.zip
[01:02:39:779ms][Trace][File] Finish read from C:\Users\SAPTAR~1\AppData\Local\Temp\lastresort_ron_101_wreadme.zip
[01:02:39:779ms][Trace][File] Begin write of 65404 bytes to D:\Games\Ready or Not\ReadyOrNot\Content\Paks\mod.io\3791\mods\4761012\pakchunk99-LastResort.pak
[01:02:39:779ms][Trace][File] Finish write to D:\Games\Ready or Not\ReadyOrNot\Content\Paks\mod.io\3791\mods\4761012\pakchunk99-LastResort.pak
[01:02:39:779ms][Trace][File] Begin read of 65536 bytes from C:\Users\SAPTAR~1\AppData\Local\Temp\lastresort_ron_101_wreadme.zip
[01:02:39:796ms][Trace][File] Finish read from C:\Users\SAPTAR~1\AppData\Local\Temp\lastresort_ron_101_wreadme.zip
[01:02:39:796ms][Trace][File] Begin write of 65536 bytes to D:\Games\Ready or Not\ReadyOrNot\Content\Paks\mod.io\3791\mods\4761012\pakchunk99-LastResort.pak
[01:02:39:796ms][Trace][File] Finish write to D:\Games\Ready or Not\ReadyOrNot\Content\Paks\mod.io\3791\mods\4761012\pakchunk99-LastResort.pak
[01:02:39:796ms][Trace][File] Begin write of 5500 bytes to D:\Games\Ready or Not\ReadyOrNot\Content\Paks\mod.io\3791\mods\4761012\pakchunk99-LastResort.pak
[01:02:39:796ms][Trace][File] Finish write to D:\Games\Ready or Not\ReadyOrNot\Content\Paks\mod.io\3791\mods\4761012\pakchunk99-LastResort.pak
[01:02:39:796ms][Trace][File] Begin read of 65536 bytes from C:\Users\SAPTAR~1\AppData\Local\Temp\lastresort_ron_101_wreadme.zip
[01:02:39:813ms][Trace][File] Finish read from C:\Users\SAPTAR~1\AppData\Local\Temp\lastresort_ron_101_wreadme.zip
[01:02:39:813ms][Trace][File] Begin write of 65536 bytes to D:\Games\Ready or Not\ReadyOrNot\Content\Paks\mod.io\3791\mods\4761012\pakchunk99-LastResort.pak
[01:02:39:813ms][Trace][File] Finish write to D:\Games\Ready or Not\ReadyOrNot\Content\Paks\mod.io\3791\mods\4761012\pakchunk99-LastResort.pak
[01:02:39:813ms][Trace][File] Begin write of 1865 bytes to D:\Games\Ready or Not\ReadyOrNot\Content\Paks\mod.io\3791\mods\4761012\pakchunk99-LastResort.pak
[01:02:39:813ms][Trace][File] Finish write to D:\Games\Ready or Not\ReadyOrNot\Content\Paks\mod.io\3791\mods\4761012\pakchunk99-LastResort.pak
[01:02:39:813ms][Trace][File] Begin read of 65536 bytes from C:\Users\SAPTAR~1\AppData\Local\Temp\lastresort_ron_101_wreadme.zip
[01:02:39:829ms][Trace][File] Finish read from C:\Users\SAPTAR~1\AppData\Local\Temp\lastresort_ron_101_wreadme.zip
[01:02:39:830ms][Trace][File] Begin write of 65536 bytes to D:\Games\Ready or Not\ReadyOrNot\Content\Paks\mod.io\3791\mods\4761012\pakchunk99-LastResort.pak
[01:02:39:830ms][Trace][File] Finish write to D:\Games\Ready or Not\ReadyOrNot\Content\Paks\mod.io\3791\mods\4761012\pakchunk99-LastResort.pak
[01:02:39:830ms][Trace][File] Begin write of 2320 bytes to D:\Games\Ready or Not\ReadyOrNot\Content\Paks\mod.io\3791\mods\4761012\pakchunk99-LastResort.pak
[01:02:39:830ms][Trace][File] Finish write to D:\Games\Ready or Not\ReadyOrNot\Content\Paks\mod.io\3791\mods\4761012\pakchunk99-LastResort.pak
[01:02:39:830ms][Trace][File] Begin read of 65536 bytes from C:\Users\SAPTAR~1\AppData\Local\Temp\lastresort_ron_101_wreadme.zip
[01:02:39:846ms][Trace][File] Finish read from C:\Users\SAPTAR~1\AppData\Local\Temp\lastresort_ron_101_wreadme.zip
[01:02:39:846ms][Trace][File] Begin write of 65536 bytes to D:\Games\Ready or Not\ReadyOrNot\Content\Paks\mod.io\3791\mods\4761012\pakchunk99-LastResort.pak
[01:02:39:846ms][Trace][File] Finish write to D:\Games\Ready or Not\ReadyOrNot\Content\Paks\mod.io\3791\mods\4761012\pakchunk99-LastResort.pak
[01:02:39:846ms][Trace][File] Begin write of 1929 bytes to D:\Games\Ready or Not\ReadyOrNot\Content\Paks\mod.io\3791\mods\4761012\pakchunk99-LastResort.pak
[01:02:39:846ms][Trace][File] Finish write to D:\Games\Ready or Not\ReadyOrNot\Content\Paks\mod.io\3791\mods\4761012\pakchunk99-LastResort.pak
[01:02:39:846ms][Trace][File] Begin read of 65536 bytes from C:\Users\SAPTAR~1\AppData\Local\Temp\lastresort_ron_101_wreadme.zip
[01:02:39:862ms][Trace][File] Finish read from C:\Users\SAPTAR~1\AppData\Local\Temp\lastresort_ron_101_wreadme.zip
[01:02:39:863ms][Trace][File] Begin write of 65536 bytes to D:\Games\Ready or Not\ReadyOrNot\Content\Paks\mod.io\3791\mods\4761012\pakchunk99-LastResort.pak
[01:02:39:863ms][Trace][File] Finish write to D:\Games\Ready or Not\ReadyOrNot\Content\Paks\mod.io\3791\mods\4761012\pakchunk99-LastResort.pak
[01:02:39:863ms][Trace][File] Begin write of 2176 bytes to D:\Games\Ready or Not\ReadyOrNot\Content\Paks\mod.io\3791\mods\4761012\pakchunk99-LastResort.pak
[01:02:39:863ms][Trace][File] Finish write to D:\Games\Ready or Not\ReadyOrNot\Content\Paks\mod.io\3791\mods\4761012\pakchunk99-LastResort.pak
[01:02:39:863ms][Trace][File] Begin read of 65536 bytes from C:\Users\SAPTAR~1\AppData\Local\Temp\lastresort_ron_101_wreadme.zip
[01:02:39:879ms][Trace][File] Finish read from C:\Users\SAPTAR~1\AppData\Local\Temp\lastresort_ron_101_wreadme.zip
[01:02:39:880ms][Trace][File] Begin write of 65536 bytes to D:\Games\Ready or Not\ReadyOrNot\Content\Paks\mod.io\3791\mods\4761012\pakchunk99-LastResort.pak
[01:02:39:880ms][Trace][File] Finish write to D:\Games\Ready or Not\ReadyOrNot\Content\Paks\mod.io\3791\mods\4761012\pakchunk99-LastResort.pak
[01:02:39:880ms][Trace][File] Begin write of 2237 bytes to D:\Games\Ready or Not\ReadyOrNot\Content\Paks\mod.io\3791\mods\4761012\pakchunk99-LastResort.pak
[01:02:39:880ms][Trace][File] Finish write to D:\Games\Ready or Not\ReadyOrNot\Content\Paks\mod.io\3791\mods\4761012\pakchunk99-LastResort.pak
[01:02:39:880ms][Trace][File] Begin read of 65536 bytes from C:\Users\SAPTAR~1\AppData\Local\Temp\lastresort_ron_101_wreadme.zip
[01:02:39:896ms][Trace][File] Finish read from C:\Users\SAPTAR~1\AppData\Local\Temp\lastresort_ron_101_wreadme.zip
[01:02:39:896ms][Trace][File] Begin write of 65536 bytes to D:\Games\Ready or Not\ReadyOrNot\Content\Paks\mod.io\3791\mods\4761012\pakchunk99-LastResort.pak
[01:02:39:912ms][Trace][File] Finish write to D:\Games\Ready or Not\ReadyOrNot\Content\Paks\mod.io\3791\mods\4761012\pakchunk99-LastResort.pak
[01:02:39:912ms][Trace][File] Begin write of 2034 bytes to D:\Games\Ready or Not\ReadyOrNot\Content\Paks\mod.io\3791\mods\4761012\pakchunk99-LastResort.pak
[01:02:39:912ms][Trace][File] Finish write to D:\Games\Ready or Not\ReadyOrNot\Content\Paks\mod.io\3791\mods\4761012\pakchunk99-LastResort.pak
[01:02:39:912ms][Trace][File] Begin read of 65536 bytes from C:\Users\SAPTAR~1\AppData\Local\Temp\lastresort_ron_101_wreadme.zip
[01:02:39:913ms][Trace][File] Finish read from C:\Users\SAPTAR~1\AppData\Local\Temp\lastresort_ron_101_wreadme.zip
[01:02:39:929ms][Trace][File] Begin write of 65536 bytes to D:\Games\Ready or Not\ReadyOrNot\Content\Paks\mod.io\3791\mods\4761012\pakchunk99-LastResort.pak
[01:02:39:929ms][Trace][File] Finish write to D:\Games\Ready or Not\ReadyOrNot\Content\Paks\mod.io\3791\mods\4761012\pakchunk99-LastResort.pak
[01:02:39:929ms][Trace][File] Begin write of 2826 bytes to D:\Games\Ready or Not\ReadyOrNot\Content\Paks\mod.io\3791\mods\4761012\pakchunk99-LastResort.pak
[01:02:39:929ms][Trace][File] Finish write to D:\Games\Ready or Not\ReadyOrNot\Content\Paks\mod.io\3791\mods\4761012\pakchunk99-LastResort.pak
[01:02:39:929ms][Trace][File] Begin read of 65536 bytes from C:\Users\SAPTAR~1\AppData\Local\Temp\lastresort_ron_101_wreadme.zip
[01:02:39:930ms][Trace][File] Finish read from C:\Users\SAPTAR~1\AppData\Local\Temp\lastresort_ron_101_wreadme.zip
[01:02:39:946ms][Trace][File] Begin write of 65536 bytes to D:\Games\Ready or Not\ReadyOrNot\Content\Paks\mod.io\3791\mods\4761012\pakchunk99-LastResort.pak
[01:02:39:946ms][Trace][File] Finish write to D:\Games\Ready or Not\ReadyOrNot\Content\Paks\mod.io\3791\mods\4761012\pakchunk99-LastResort.pak
[01:02:39:946ms][Trace][File] Begin write of 1823 bytes to D:\Games\Ready or Not\ReadyOrNot\Content\Paks\mod.io\3791\mods\4761012\pakchunk99-LastResort.pak
[01:02:39:946ms][Trace][File] Finish write to D:\Games\Ready or Not\ReadyOrNot\Content\Paks\mod.io\3791\mods\4761012\pakchunk99-LastResort.pak
[01:02:39:946ms][Trace][File] Begin read of 65536 bytes from C:\Users\SAPTAR~1\AppData\Local\Temp\lastresort_ron_101_wreadme.zip
[01:02:39:947ms][Trace][File] Finish read from C:\Users\SAPTAR~1\AppData\Local\Temp\lastresort_ron_101_wreadme.zip
[01:02:39:962ms][Trace][File] Begin write of 65536 bytes to D:\Games\Ready or Not\ReadyOrNot\Content\Paks\mod.io\3791\mods\4761012\pakchunk99-LastResort.pak
[01:02:39:963ms][Trace][File] Finish write to D:\Games\Ready or Not\ReadyOrNot\Content\Paks\mod.io\3791\mods\4761012\pakchunk99-LastResort.pak
[01:02:39:963ms][Trace][File] Begin write of 1539 bytes to D:\Games\Ready or Not\ReadyOrNot\Content\Paks\mod.io\3791\mods\4761012\pakchunk99-LastResort.pak
[01:02:39:963ms][Trace][File] Finish write to D:\Games\Ready or Not\ReadyOrNot\Content\Paks\mod.io\3791\mods\4761012\pakchunk99-LastResort.pak
[01:02:39:963ms][Trace][File] Begin read of 65536 bytes from C:\Users\SAPTAR~1\AppData\Local\Temp\lastresort_ron_101_wreadme.zip
[01:02:39:963ms][Trace][File] Finish read from C:\Users\SAPTAR~1\AppData\Local\Temp\lastresort_ron_101_wreadme.zip
[01:02:39:979ms][Trace][File] Begin write of 65536 bytes to D:\Games\Ready or Not\ReadyOrNot\Content\Paks\mod.io\3791\mods\4761012\pakchunk99-LastResort.pak
[01:02:39:979ms][Trace][File] Finish write to D:\Games\Ready or Not\ReadyOrNot\Content\Paks\mod.io\3791\mods\4761012\pakchunk99-LastResort.pak
[01:02:39:979ms][Trace][File] Begin write of 2657 bytes to D:\Games\Ready or Not\ReadyOrNot\Content\Paks\mod.io\3791\mods\4761012\pakchunk99-LastResort.pak
[01:02:39:979ms][Trace][File] Finish write to D:\Games\Ready or Not\ReadyOrNot\Content\Paks\mod.io\3791\mods\4761012\pakchunk99-LastResort.pak
[01:02:39:979ms][Trace][File] Begin read of 65536 bytes from C:\Users\SAPTAR~1\AppData\Local\Temp\lastresort_ron_101_wreadme.zip
[01:02:39:980ms][Trace][File] Finish read from C:\Users\SAPTAR~1\AppData\Local\Temp\lastresort_ron_101_wreadme.zip
[01:02:39:996ms][Trace][File] Begin write of 65536 bytes to D:\Games\Ready or Not\ReadyOrNot\Content\Paks\mod.io\3791\mods\4761012\pakchunk99-LastResort.pak
[01:02:39:996ms][Trace][File] Finish write to D:\Games\Ready or Not\ReadyOrNot\Content\Paks\mod.io\3791\mods\4761012\pakchunk99-LastResort.pak
[01:02:39:996ms][Trace][File] Begin write of 2180 bytes to D:\Games\Ready or Not\ReadyOrNot\Content\Paks\mod.io\3791\mods\4761012\pakchunk99-LastResort.pak
[01:02:39:996ms][Trace][File] Finish write to D:\Games\Ready or Not\ReadyOrNot\Content\Paks\mod.io\3791\mods\4761012\pakchunk99-LastResort.pak
[01:02:39:996ms][Trace][File] Begin read of 65536 bytes from C:\Users\SAPTAR~1\AppData\Local\Temp\lastresort_ron_101_wreadme.zip
[01:02:39:997ms][Trace][File] Finish read from C:\Users\SAPTAR~1\AppData\Local\Temp\lastresort_ron_101_wreadme.zip
[01:02:40:12ms][Trace][File] Begin write of 65536 bytes to D:\Games\Ready or Not\ReadyOrNot\Content\Paks\mod.io\3791\mods\4761012\pakchunk99-LastResort.pak
[01:02:40:13ms][Trace][File] Finish write to D:\Games\Ready or Not\ReadyOrNot\Content\Paks\mod.io\3791\mods\4761012\pakchunk99-LastResort.pak
[01:02:40:13ms][Trace][File] Begin write of 1746 bytes to D:\Games\Ready or Not\ReadyOrNot\Content\Paks\mod.io\3791\mods\4761012\pakchunk99-LastResort.pak
[01:02:40:13ms][Trace][File] Finish write to D:\Games\Ready or Not\ReadyOrNot\Content\Paks\mod.io\3791\mods\4761012\pakchunk99-LastResort.pak
[01:02:40:13ms][Trace][File] Begin read of 65536 bytes from C:\Users\SAPTAR~1\AppData\Local\Temp\lastresort_ron_101_wreadme.zip
[01:02:40:13ms][Trace][File] Finish read from C:\Users\SAPTAR~1\AppData\Local\Temp\lastresort_ron_101_wreadme.zip
[01:02:40:29ms][Trace][File] Begin write of 65536 bytes to D:\Games\Ready or Not\ReadyOrNot\Content\Paks\mod.io\3791\mods\4761012\pakchunk99-LastResort.pak
[01:02:40:29ms][Trace][File] Finish write to D:\Games\Ready or Not\ReadyOrNot\Content\Paks\mod.io\3791\mods\4761012\pakchunk99-LastResort.pak
[01:02:40:29ms][Trace][File] Begin write of 2808 bytes to D:\Games\Ready or Not\ReadyOrNot\Content\Paks\mod.io\3791\mods\4761012\pakchunk99-LastResort.pak
[01:02:40:29ms][Trace][File] Finish write to D:\Games\Ready or Not\ReadyOrNot\Content\Paks\mod.io\3791\mods\4761012\pakchunk99-LastResort.pak
[01:02:40:29ms][Trace][File] Begin read of 65536 bytes from C:\Users\SAPTAR~1\AppData\Local\Temp\lastresort_ron_101_wreadme.zip
[01:02:40:30ms][Trace][File] Finish read from C:\Users\SAPTAR~1\AppData\Local\Temp\lastresort_ron_101_wreadme.zip
[01:02:40:46ms][Trace][File] Begin write of 65536 bytes to D:\Games\Ready or Not\ReadyOrNot\Content\Paks\mod.io\3791\mods\4761012\pakchunk99-LastResort.pak
[01:02:40:46ms][Trace][File] Finish write to D:\Games\Ready or Not\ReadyOrNot\Content\Paks\mod.io\3791\mods\4761012\pakchunk99-LastResort.pak
[01:02:40:46ms][Trace][File] Begin write of 2068 bytes to D:\Games\Ready or Not\ReadyOrNot\Content\Paks\mod.io\3791\mods\4761012\pakchunk99-LastResort.pak
[01:02:40:46ms][Trace][File] Finish write to D:\Games\Ready or Not\ReadyOrNot\Content\Paks\mod.io\3791\mods\4761012\pakchunk99-LastResort.pak
[01:02:40:46ms][Trace][File] Begin read of 65536 bytes from C:\Users\SAPTAR~1\AppData\Local\Temp\lastresort_ron_101_wreadme.zip
[01:02:40:47ms][Trace][File] Finish read from C:\Users\SAPTAR~1\AppData\Local\Temp\lastresort_ron_101_wreadme.zip
[01:02:40:62ms][Trace][File] Begin write of 65536 bytes to D:\Games\Ready or Not\ReadyOrNot\Content\Paks\mod.io\3791\mods\4761012\pakchunk99-LastResort.pak
[01:02:40:63ms][Trace][File] Finish write to D:\Games\Ready or Not\ReadyOrNot\Content\Paks\mod.io\3791\mods\4761012\pakchunk99-LastResort.pak
[01:02:40:63ms][Trace][File] Begin write of 2170 bytes to D:\Games\Ready or Not\ReadyOrNot\Content\Paks\mod.io\3791\mods\4761012\pakchunk99-LastResort.pak
[01:02:40:63ms][Trace][File] Finish write to D:\Games\Ready or Not\ReadyOrNot\Content\Paks\mod.io\3791\mods\4761012\pakchunk99-LastResort.pak
[01:02:40:63ms][Trace][File] Begin read of 65536 bytes from C:\Users\SAPTAR~1\AppData\Local\Temp\lastresort_ron_101_wreadme.zip
[01:02:40:63ms][Trace][File] Finish read from C:\Users\SAPTAR~1\AppData\Local\Temp\lastresort_ron_101_wreadme.zip
[01:02:40:81ms][Trace][File] Begin write of 65536 bytes to D:\Games\Ready or Not\ReadyOrNot\Content\Paks\mod.io\3791\mods\4761012\pakchunk99-LastResort.pak
[01:02:40:81ms][Trace][File] Finish write to D:\Games\Ready or Not\ReadyOrNot\Content\Paks\mod.io\3791\mods\4761012\pakchunk99-LastResort.pak
[01:02:40:81ms][Trace][File] Begin write of 1759 bytes to D:\Games\Ready or Not\ReadyOrNot\Content\Paks\mod.io\3791\mods\4761012\pakchunk99-LastResort.pak
[01:02:40:81ms][Trace][File] Finish write to D:\Games\Ready or Not\ReadyOrNot\Content\Paks\mod.io\3791\mods\4761012\pakchunk99-LastResort.pak
[01:02:40:81ms][Trace][File] Begin read of 65536 bytes from C:\Users\SAPTAR~1\AppData\Local\Temp\lastresort_ron_101_wreadme.zip
[01:02:40:82ms][Trace][File] Finish read from C:\Users\SAPTAR~1\AppData\Local\Temp\lastresort_ron_101_wreadme.zip
[01:02:40:96ms][Trace][File] Begin write of 65536 bytes to D:\Games\Ready or Not\ReadyOrNot\Content\Paks\mod.io\3791\mods\4761012\pakchunk99-LastResort.pak
[01:02:40:96ms][Trace][File] Finish write to D:\Games\Ready or Not\ReadyOrNot\Content\Paks\mod.io\3791\mods\4761012\pakchunk99-LastResort.pak
[01:02:40:96ms][Trace][File] Begin write of 3174 bytes to D:\Games\Ready or Not\ReadyOrNot\Content\Paks\mod.io\3791\mods\4761012\pakchunk99-LastResort.pak
[01:02:40:96ms][Trace][File] Finish write to D:\Games\Ready or Not\ReadyOrNot\Content\Paks\mod.io\3791\mods\4761012\pakchunk99-LastResort.pak
[01:02:40:96ms][Trace][File] Begin read of 65536 bytes from C:\Users\SAPTAR~1\AppData\Local\Temp\lastresort_ron_101_wreadme.zip
[01:02:40:96ms][Trace][File] Finish read from C:\Users\SAPTAR~1\AppData\Local\Temp\lastresort_ron_101_wreadme.zip
[01:02:40:97ms][Trace][File] Begin write of 65536 bytes to D:\Games\Ready or Not\ReadyOrNot\Content\Paks\mod.io\3791\mods\4761012\pakchunk99-LastResort.pak
[01:02:40:97ms][Trace][File] Finish write to D:\Games\Ready or Not\ReadyOrNot\Content\Paks\mod.io\3791\mods\4761012\pakchunk99-LastResort.pak
[01:02:40:112ms][Trace][File] Begin write of 2557 bytes to D:\Games\Ready or Not\ReadyOrNot\Content\Paks\mod.io\3791\mods\4761012\pakchunk99-LastResort.pak
[01:02:40:113ms][Trace][File] Finish write to D:\Games\Ready or Not\ReadyOrNot\Content\Paks\mod.io\3791\mods\4761012\pakchunk99-LastResort.pak
[01:02:40:113ms][Trace][File] Begin read of 65536 bytes from C:\Users\SAPTAR~1\AppData\Local\Temp\lastresort_ron_101_wreadme.zip
[01:02:40:113ms][Trace][File] Finish read from C:\Users\SAPTAR~1\AppData\Local\Temp\lastresort_ron_101_wreadme.zip
[01:02:40:113ms][Trace][File] Begin write of 65536 bytes to D:\Games\Ready or Not\ReadyOrNot\Content\Paks\mod.io\3791\mods\4761012\pakchunk99-LastResort.pak
[01:02:40:113ms][Trace][File] Finish write to D:\Games\Ready or Not\ReadyOrNot\Content\Paks\mod.io\3791\mods\4761012\pakchunk99-LastResort.pak
[01:02:40:113ms][Trace][File] Begin write of 2664 bytes to D:\Games\Ready or Not\ReadyOrNot\Content\Paks\mod.io\3791\mods\4761012\pakchunk99-LastResort.pak
[01:02:40:113ms][Trace][File] Finish write to D:\Games\Ready or Not\ReadyOrNot\Content\Paks\mod.io\3791\mods\4761012\pakchunk99-LastResort.pak
[01:02:40:113ms][Trace][File] Begin read of 65536 bytes from C:\Users\SAPTAR~1\AppData\Local\Temp\lastresort_ron_101_wreadme.zip
[01:02:40:131ms][Trace][File] Finish read from C:\Users\SAPTAR~1\AppData\Local\Temp\lastresort_ron_101_wreadme.zip
[01:02:40:131ms][Trace][File] Begin write of 65536 bytes to D:\Games\Ready or Not\ReadyOrNot\Content\Paks\mod.io\3791\mods\4761012\pakchunk99-LastResort.pak
[01:02:40:131ms][Trace][File] Finish write to D:\Games\Ready or Not\ReadyOrNot\Content\Paks\mod.io\3791\mods\4761012\pakchunk99-LastResort.pak
[01:02:40:131ms][Trace][File] Begin write of 1584 bytes to D:\Games\Ready or Not\ReadyOrNot\Content\Paks\mod.io\3791\mods\4761012\pakchunk99-LastResort.pak
[01:02:40:131ms][Trace][File] Finish write to D:\Games\Ready or Not\ReadyOrNot\Content\Paks\mod.io\3791\mods\4761012\pakchunk99-LastResort.pak
[01:02:40:131ms][Trace][File] Begin read of 65536 bytes from C:\Users\SAPTAR~1\AppData\Local\Temp\lastresort_ron_101_wreadme.zip
[01:02:40:146ms][Trace][File] Finish read from C:\Users\SAPTAR~1\AppData\Local\Temp\lastresort_ron_101_wreadme.zip
[01:02:40:146ms][Trace][File] Begin write of 65536 bytes to D:\Games\Ready or Not\ReadyOrNot\Content\Paks\mod.io\3791\mods\4761012\pakchunk99-LastResort.pak
[01:02:40:146ms][Trace][File] Finish write to D:\Games\Ready or Not\ReadyOrNot\Content\Paks\mod.io\3791\mods\4761012\pakchunk99-LastResort.pak
[01:02:40:146ms][Trace][File] Begin write of 2528 bytes to D:\Games\Ready or Not\ReadyOrNot\Content\Paks\mod.io\3791\mods\4761012\pakchunk99-LastResort.pak
[01:02:40:146ms][Trace][File] Finish write to D:\Games\Ready or Not\ReadyOrNot\Content\Paks\mod.io\3791\mods\4761012\pakchunk99-LastResort.pak
[01:02:40:146ms][Trace][File] Begin read of 65536 bytes from C:\Users\SAPTAR~1\AppData\Local\Temp\lastresort_ron_101_wreadme.zip
[01:02:40:147ms][Trace][File] Finish read from C:\Users\SAPTAR~1\AppData\Local\Temp\lastresort_ron_101_wreadme.zip
[01:02:40:163ms][Trace][File] Begin write of 65536 bytes to D:\Games\Ready or Not\ReadyOrNot\Content\Paks\mod.io\3791\mods\4761012\pakchunk99-LastResort.pak
[01:02:40:163ms][Trace][File] Finish write to D:\Games\Ready or Not\ReadyOrNot\Content\Paks\mod.io\3791\mods\4761012\pakchunk99-LastResort.pak
[01:02:40:163ms][Trace][File] Begin write of 1919 bytes to D:\Games\Ready or Not\ReadyOrNot\Content\Paks\mod.io\3791\mods\4761012\pakchunk99-LastResort.pak
[01:02:40:163ms][Trace][File] Finish write to D:\Games\Ready or Not\ReadyOrNot\Content\Paks\mod.io\3791\mods\4761012\pakchunk99-LastResort.pak
[01:02:40:163ms][Trace][File] Begin read of 65536 bytes from C:\Users\SAPTAR~1\AppData\Local\Temp\lastresort_ron_101_wreadme.zip
[01:02:40:164ms][Trace][File] Finish read from C:\Users\SAPTAR~1\AppData\Local\Temp\lastresort_ron_101_wreadme.zip
[01:02:40:180ms][Trace][File] Begin write of 65536 bytes to D:\Games\Ready or Not\ReadyOrNot\Content\Paks\mod.io\3791\mods\4761012\pakchunk99-LastResort.pak
[01:02:40:180ms][Trace][File] Finish write to D:\Games\Ready or Not\ReadyOrNot\Content\Paks\mod.io\3791\mods\4761012\pakchunk99-LastResort.pak
[01:02:40:180ms][Trace][File] Begin write of 928 bytes to D:\Games\Ready or Not\ReadyOrNot\Content\Paks\mod.io\3791\mods\4761012\pakchunk99-LastResort.pak
[01:02:40:180ms][Trace][File] Finish write to D:\Games\Ready or Not\ReadyOrNot\Content\Paks\mod.io\3791\mods\4761012\pakchunk99-LastResort.pak
[01:02:40:180ms][Trace][File] Begin read of 65536 bytes from C:\Users\SAPTAR~1\AppData\Local\Temp\lastresort_ron_101_wreadme.zip
[01:02:40:181ms][Trace][File] Finish read from C:\Users\SAPTAR~1\AppData\Local\Temp\lastresort_ron_101_wreadme.zip
[01:02:40:196ms][Trace][File] Begin write of 65536 bytes to D:\Games\Ready or Not\ReadyOrNot\Content\Paks\mod.io\3791\mods\4761012\pakchunk99-LastResort.pak
[01:02:40:196ms][Trace][File] Finish write to D:\Games\Ready or Not\ReadyOrNot\Content\Paks\mod.io\3791\mods\4761012\pakchunk99-LastResort.pak
[01:02:40:196ms][Trace][File] Begin write of 5653 bytes to D:\Games\Ready or Not\ReadyOrNot\Content\Paks\mod.io\3791\mods\4761012\pakchunk99-LastResort.pak
[01:02:40:196ms][Trace][File] Finish write to D:\Games\Ready or Not\ReadyOrNot\Content\Paks\mod.io\3791\mods\4761012\pakchunk99-LastResort.pak
[01:02:40:196ms][Trace][File] Begin read of 65536 bytes from C:\Users\SAPTAR~1\AppData\Local\Temp\lastresort_ron_101_wreadme.zip
[01:02:40:197ms][Trace][File] Finish read from C:\Users\SAPTAR~1\AppData\Local\Temp\lastresort_ron_101_wreadme.zip
[01:02:40:213ms][Trace][File] Begin write of 65536 bytes to D:\Games\Ready or Not\ReadyOrNot\Content\Paks\mod.io\3791\mods\4761012\pakchunk99-LastResort.pak
[01:02:40:213ms][Trace][File] Finish write to D:\Games\Ready or Not\ReadyOrNot\Content\Paks\mod.io\3791\mods\4761012\pakchunk99-LastResort.pak
[01:02:40:213ms][Trace][File] Begin write of 1503 bytes to D:\Games\Ready or Not\ReadyOrNot\Content\Paks\mod.io\3791\mods\4761012\pakchunk99-LastResort.pak
[01:02:40:213ms][Trace][File] Finish write to D:\Games\Ready or Not\ReadyOrNot\Content\Paks\mod.io\3791\mods\4761012\pakchunk99-LastResort.pak
[01:02:40:213ms][Trace][File] Begin read of 65536 bytes from C:\Users\SAPTAR~1\AppData\Local\Temp\lastresort_ron_101_wreadme.zip
[01:02:40:213ms][Trace][File] Finish read from C:\Users\SAPTAR~1\AppData\Local\Temp\lastresort_ron_101_wreadme.zip
[01:02:40:229ms][Trace][File] Begin write of 65536 bytes to D:\Games\Ready or Not\ReadyOrNot\Content\Paks\mod.io\3791\mods\4761012\pakchunk99-LastResort.pak
[01:02:40:230ms][Trace][File] Finish write to D:\Games\Ready or Not\ReadyOrNot\Content\Paks\mod.io\3791\mods\4761012\pakchunk99-LastResort.pak
[01:02:40:230ms][Trace][File] Begin write of 2170 bytes to D:\Games\Ready or Not\ReadyOrNot\Content\Paks\mod.io\3791\mods\4761012\pakchunk99-LastResort.pak
[01:02:40:230ms][Trace][File] Finish write to D:\Games\Ready or Not\ReadyOrNot\Content\Paks\mod.io\3791\mods\4761012\pakchunk99-LastResort.pak
[01:02:40:230ms][Trace][File] Begin read of 65536 bytes from C:\Users\SAPTAR~1\AppData\Local\Temp\lastresort_ron_101_wreadme.zip
[01:02:40:230ms][Trace][File] Finish read from C:\Users\SAPTAR~1\AppData\Local\Temp\lastresort_ron_101_wreadme.zip
[01:02:40:246ms][Trace][File] Begin write of 65536 bytes to D:\Games\Ready or Not\ReadyOrNot\Content\Paks\mod.io\3791\mods\4761012\pakchunk99-LastResort.pak
[01:02:40:246ms][Trace][File] Finish write to D:\Games\Ready or Not\ReadyOrNot\Content\Paks\mod.io\3791\mods\4761012\pakchunk99-LastResort.pak
[01:02:40:246ms][Trace][File] Begin write of 1997 bytes to D:\Games\Ready or Not\ReadyOrNot\Content\Paks\mod.io\3791\mods\4761012\pakchunk99-LastResort.pak
[01:02:40:246ms][Trace][File] Finish write to D:\Games\Ready or Not\ReadyOrNot\Content\Paks\mod.io\3791\mods\4761012\pakchunk99-LastResort.pak
[01:02:40:246ms][Trace][File] Begin read of 65536 bytes from C:\Users\SAPTAR~1\AppData\Local\Temp\lastresort_ron_101_wreadme.zip
[01:02:40:247ms][Trace][File] Finish read from C:\Users\SAPTAR~1\AppData\Local\Temp\lastresort_ron_101_wreadme.zip
[01:02:40:263ms][Trace][File] Begin write of 65536 bytes to D:\Games\Ready or Not\ReadyOrNot\Content\Paks\mod.io\3791\mods\4761012\pakchunk99-LastResort.pak
[01:02:40:263ms][Trace][File] Finish write to D:\Games\Ready or Not\ReadyOrNot\Content\Paks\mod.io\3791\mods\4761012\pakchunk99-LastResort.pak
[01:02:40:263ms][Trace][File] Begin write of 1346 bytes to D:\Games\Ready or Not\ReadyOrNot\Content\Paks\mod.io\3791\mods\4761012\pakchunk99-LastResort.pak
[01:02:40:263ms][Trace][File] Finish write to D:\Games\Ready or Not\ReadyOrNot\Content\Paks\mod.io\3791\mods\4761012\pakchunk99-LastResort.pak
[01:02:40:263ms][Trace][File] Begin read of 65536 bytes from C:\Users\SAPTAR~1\AppData\Local\Temp\lastresort_ron_101_wreadme.zip
[01:02:40:263ms][Trace][File] Finish read from C:\Users\SAPTAR~1\AppData\Local\Temp\lastresort_ron_101_wreadme.zip
[01:02:40:264ms][Trace][File] Begin write of 65536 bytes to D:\Games\Ready or Not\ReadyOrNot\Content\Paks\mod.io\3791\mods\4761012\pakchunk99-LastResort.pak
[01:02:40:264ms][Trace][File] Finish write to D:\Games\Ready or Not\ReadyOrNot\Content\Paks\mod.io\3791\mods\4761012\pakchunk99-LastResort.pak
[01:02:40:264ms][Trace][File] Begin write of 1664 bytes to D:\Games\Ready or Not\ReadyOrNot\Content\Paks\mod.io\3791\mods\4761012\pakchunk99-LastResort.pak
[01:02:40:264ms][Trace][File] Finish write to D:\Games\Ready or Not\ReadyOrNot\Content\Paks\mod.io\3791\mods\4761012\pakchunk99-LastResort.pak
[01:02:40:264ms][Trace][File] Begin read of 65536 bytes from C:\Users\SAPTAR~1\AppData\Local\Temp\lastresort_ron_101_wreadme.zip
[01:02:40:279ms][Trace][File] Finish read from C:\Users\SAPTAR~1\AppData\Local\Temp\lastresort_ron_101_wreadme.zip
[01:02:40:279ms][Trace][File] Begin write of 65536 bytes to D:\Games\Ready or Not\ReadyOrNot\Content\Paks\mod.io\3791\mods\4761012\pakchunk99-LastResort.pak
[01:02:40:280ms][Trace][File] Finish write to D:\Games\Ready or Not\ReadyOrNot\Content\Paks\mod.io\3791\mods\4761012\pakchunk99-LastResort.pak
[01:02:40:280ms][Trace][File] Begin write of 1858 bytes to D:\Games\Ready or Not\ReadyOrNot\Content\Paks\mod.io\3791\mods\4761012\pakchunk99-LastResort.pak
[01:02:40:280ms][Trace][File] Finish write to D:\Games\Ready or Not\ReadyOrNot\Content\Paks\mod.io\3791\mods\4761012\pakchunk99-LastResort.pak
[01:02:40:280ms][Trace][File] Begin read of 65536 bytes from C:\Users\SAPTAR~1\AppData\Local\Temp\lastresort_ron_101_wreadme.zip
[01:02:40:296ms][Trace][File] Finish read from C:\Users\SAPTAR~1\AppData\Local\Temp\lastresort_ron_101_wreadme.zip
[01:02:40:296ms][Trace][File] Begin write of 65536 bytes to D:\Games\Ready or Not\ReadyOrNot\Content\Paks\mod.io\3791\mods\4761012\pakchunk99-LastResort.pak
[01:02:40:296ms][Trace][File] Finish write to D:\Games\Ready or Not\ReadyOrNot\Content\Paks\mod.io\3791\mods\4761012\pakchunk99-LastResort.pak
[01:02:40:296ms][Trace][File] Begin write of 1776 bytes to D:\Games\Ready or Not\ReadyOrNot\Content\Paks\mod.io\3791\mods\4761012\pakchunk99-LastResort.pak
[01:02:40:296ms][Trace][File] Finish write to D:\Games\Ready or Not\ReadyOrNot\Content\Paks\mod.io\3791\mods\4761012\pakchunk99-LastResort.pak
[01:02:40:296ms][Trace][File] Begin read of 65536 bytes from C:\Users\SAPTAR~1\AppData\Local\Temp\lastresort_ron_101_wreadme.zip
[01:02:40:312ms][Trace][File] Finish read from C:\Users\SAPTAR~1\AppData\Local\Temp\lastresort_ron_101_wreadme.zip
[01:02:40:313ms][Trace][File] Begin write of 65536 bytes to D:\Games\Ready or Not\ReadyOrNot\Content\Paks\mod.io\3791\mods\4761012\pakchunk99-LastResort.pak
[01:02:40:313ms][Trace][File] Finish write to D:\Games\Ready or Not\ReadyOrNot\Content\Paks\mod.io\3791\mods\4761012\pakchunk99-LastResort.pak
[01:02:40:313ms][Trace][File] Begin write of 2494 bytes to D:\Games\Ready or Not\ReadyOrNot\Content\Paks\mod.io\3791\mods\4761012\pakchunk99-LastResort.pak
[01:02:40:313ms][Trace][File] Finish write to D:\Games\Ready or Not\ReadyOrNot\Content\Paks\mod.io\3791\mods\4761012\pakchunk99-LastResort.pak
[01:02:40:313ms][Trace][File] Begin read of 65536 bytes from C:\Users\SAPTAR~1\AppData\Local\Temp\lastresort_ron_101_wreadme.zip
[01:02:40:329ms][Trace][File] Finish read from C:\Users\SAPTAR~1\AppData\Local\Temp\lastresort_ron_101_wreadme.zip
[01:02:40:329ms][Trace][File] Begin write of 65536 bytes to D:\Games\Ready or Not\ReadyOrNot\Content\Paks\mod.io\3791\mods\4761012\pakchunk99-LastResort.pak
[01:02:40:330ms][Trace][File] Finish write to D:\Games\Ready or Not\ReadyOrNot\Content\Paks\mod.io\3791\mods\4761012\pakchunk99-LastResort.pak
[01:02:40:330ms][Trace][File] Begin write of 2221 bytes to D:\Games\Ready or Not\ReadyOrNot\Content\Paks\mod.io\3791\mods\4761012\pakchunk99-LastResort.pak
[01:02:40:330ms][Trace][File] Finish write to D:\Games\Ready or Not\ReadyOrNot\Content\Paks\mod.io\3791\mods\4761012\pakchunk99-LastResort.pak
[01:02:40:330ms][Trace][File] Begin read of 65536 bytes from C:\Users\SAPTAR~1\AppData\Local\Temp\lastresort_ron_101_wreadme.zip
[01:02:40:330ms][Trace][File] Finish read from C:\Users\SAPTAR~1\AppData\Local\Temp\lastresort_ron_101_wreadme.zip
[01:02:40:346ms][Trace][File] Begin write of 65536 bytes to D:\Games\Ready or Not\ReadyOrNot\Content\Paks\mod.io\3791\mods\4761012\pakchunk99-LastResort.pak
[01:02:40:346ms][Trace][File] Finish write to D:\Games\Ready or Not\ReadyOrNot\Content\Paks\mod.io\3791\mods\4761012\pakchunk99-LastResort.pak
[01:02:40:346ms][Trace][File] Begin write of 1367 bytes to D:\Games\Ready or Not\ReadyOrNot\Content\Paks\mod.io\3791\mods\4761012\pakchunk99-LastResort.pak
[01:02:40:346ms][Trace][File] Finish write to D:\Games\Ready or Not\ReadyOrNot\Content\Paks\mod.io\3791\mods\4761012\pakchunk99-LastResort.pak
[01:02:40:346ms][Trace][File] Begin read of 65536 bytes from C:\Users\SAPTAR~1\AppData\Local\Temp\lastresort_ron_101_wreadme.zip
[01:02:40:346ms][Trace][File] Finish read from C:\Users\SAPTAR~1\AppData\Local\Temp\lastresort_ron_101_wreadme.zip
[01:02:40:362ms][Trace][File] Begin write of 65536 bytes to D:\Games\Ready or Not\ReadyOrNot\Content\Paks\mod.io\3791\mods\4761012\pakchunk99-LastResort.pak
[01:02:40:362ms][Trace][File] Finish write to D:\Games\Ready or Not\ReadyOrNot\Content\Paks\mod.io\3791\mods\4761012\pakchunk99-LastResort.pak
[01:02:40:362ms][Trace][File] Begin write of 1590 bytes to D:\Games\Ready or Not\ReadyOrNot\Content\Paks\mod.io\3791\mods\4761012\pakchunk99-LastResort.pak
[01:02:40:363ms][Trace][File] Finish write to D:\Games\Ready or Not\ReadyOrNot\Content\Paks\mod.io\3791\mods\4761012\pakchunk99-LastResort.pak
[01:02:40:363ms][Trace][File] Begin read of 65536 bytes from C:\Users\SAPTAR~1\AppData\Local\Temp\lastresort_ron_101_wreadme.zip
[01:02:40:363ms][Trace][File] Finish read from C:\Users\SAPTAR~1\AppData\Local\Temp\lastresort_ron_101_wreadme.zip
[01:02:40:363ms][Trace][File] Begin write of 65536 bytes to D:\Games\Ready or Not\ReadyOrNot\Content\Paks\mod.io\3791\mods\4761012\pakchunk99-LastResort.pak
[01:02:40:363ms][Trace][File] Finish write to D:\Games\Ready or Not\ReadyOrNot\Content\Paks\mod.io\3791\mods\4761012\pakchunk99-LastResort.pak
[01:02:40:363ms][Trace][File] Begin write of 2616 bytes to D:\Games\Ready or Not\ReadyOrNot\Content\Paks\mod.io\3791\mods\4761012\pakchunk99-LastResort.pak
[01:02:40:363ms][Trace][File] Finish write to D:\Games\Ready or Not\ReadyOrNot\Content\Paks\mod.io\3791\mods\4761012\pakchunk99-LastResort.pak
[01:02:40:363ms][Trace][File] Begin read of 65536 bytes from C:\Users\SAPTAR~1\AppData\Local\Temp\lastresort_ron_101_wreadme.zip
[01:02:40:379ms][Trace][File] Finish read from C:\Users\SAPTAR~1\AppData\Local\Temp\lastresort_ron_101_wreadme.zip
[01:02:40:379ms][Trace][File] Begin write of 65536 bytes to D:\Games\Ready or Not\ReadyOrNot\Content\Paks\mod.io\3791\mods\4761012\pakchunk99-LastResort.pak
[01:02:40:380ms][Trace][File] Finish write to D:\Games\Ready or Not\ReadyOrNot\Content\Paks\mod.io\3791\mods\4761012\pakchunk99-LastResort.pak
[01:02:40:380ms][Trace][File] Begin write of 2284 bytes to D:\Games\Ready or Not\ReadyOrNot\Content\Paks\mod.io\3791\mods\4761012\pakchunk99-LastResort.pak
[01:02:40:380ms][Trace][File] Finish write to D:\Games\Ready or Not\ReadyOrNot\Content\Paks\mod.io\3791\mods\4761012\pakchunk99-LastResort.pak
[01:02:40:380ms][Trace][File] Begin read of 65536 bytes from C:\Users\SAPTAR~1\AppData\Local\Temp\lastresort_ron_101_wreadme.zip
[01:02:40:396ms][Trace][File] Finish read from C:\Users\SAPTAR~1\AppData\Local\Temp\lastresort_ron_101_wreadme.zip
[01:02:40:396ms][Trace][File] Begin write of 65536 bytes to D:\Games\Ready or Not\ReadyOrNot\Content\Paks\mod.io\3791\mods\4761012\pakchunk99-LastResort.pak
[01:02:40:396ms][Trace][File] Finish write to D:\Games\Ready or Not\ReadyOrNot\Content\Paks\mod.io\3791\mods\4761012\pakchunk99-LastResort.pak
[01:02:40:396ms][Trace][File] Begin write of 1996 bytes to D:\Games\Ready or Not\ReadyOrNot\Content\Paks\mod.io\3791\mods\4761012\pakchunk99-LastResort.pak
[01:02:40:396ms][Trace][File] Finish write to D:\Games\Ready or Not\ReadyOrNot\Content\Paks\mod.io\3791\mods\4761012\pakchunk99-LastResort.pak
[01:02:40:396ms][Trace][File] Begin read of 65536 bytes from C:\Users\SAPTAR~1\AppData\Local\Temp\lastresort_ron_101_wreadme.zip
[01:02:40:412ms][Trace][File] Finish read from C:\Users\SAPTAR~1\AppData\Local\Temp\lastresort_ron_101_wreadme.zip
[01:02:40:413ms][Trace][File] Begin write of 65536 bytes to D:\Games\Ready or Not\ReadyOrNot\Content\Paks\mod.io\3791\mods\4761012\pakchunk99-LastResort.pak
[01:02:40:413ms][Trace][File] Finish write to D:\Games\Ready or Not\ReadyOrNot\Content\Paks\mod.io\3791\mods\4761012\pakchunk99-LastResort.pak
[01:02:40:413ms][Trace][File] Begin write of 2002 bytes to D:\Games\Ready or Not\ReadyOrNot\Content\Paks\mod.io\3791\mods\4761012\pakchunk99-LastResort.pak
[01:02:40:413ms][Trace][File] Finish write to D:\Games\Ready or Not\ReadyOrNot\Content\Paks\mod.io\3791\mods\4761012\pakchunk99-LastResort.pak
[01:02:40:413ms][Trace][File] Begin read of 65536 bytes from C:\Users\SAPTAR~1\AppData\Local\Temp\lastresort_ron_101_wreadme.zip
[01:02:40:429ms][Trace][File] Finish read from C:\Users\SAPTAR~1\AppData\Local\Temp\lastresort_ron_101_wreadme.zip
[01:02:40:429ms][Trace][File] Begin write of 65536 bytes to D:\Games\Ready or Not\ReadyOrNot\Content\Paks\mod.io\3791\mods\4761012\pakchunk99-LastResort.pak
[01:02:40:430ms][Trace][File] Finish write to D:\Games\Ready or Not\ReadyOrNot\Content\Paks\mod.io\3791\mods\4761012\pakchunk99-LastResort.pak
[01:02:40:430ms][Trace][File] Begin write of 1742 bytes to D:\Games\Ready or Not\ReadyOrNot\Content\Paks\mod.io\3791\mods\4761012\pakchunk99-LastResort.pak
[01:02:40:430ms][Trace][File] Finish write to D:\Games\Ready or Not\ReadyOrNot\Content\Paks\mod.io\3791\mods\4761012\pakchunk99-LastResort.pak
[01:02:40:430ms][Trace][File] Begin read of 65536 bytes from C:\Users\SAPTAR~1\AppData\Local\Temp\lastresort_ron_101_wreadme.zip
[01:02:40:446ms][Trace][File] Finish read from C:\Users\SAPTAR~1\AppData\Local\Temp\lastresort_ron_101_wreadme.zip
[01:02:40:446ms][Trace][File] Begin write of 65536 bytes to D:\Games\Ready or Not\ReadyOrNot\Content\Paks\mod.io\3791\mods\4761012\pakchunk99-LastResort.pak
[01:02:40:446ms][Trace][File] Finish write to D:\Games\Ready or Not\ReadyOrNot\Content\Paks\mod.io\3791\mods\4761012\pakchunk99-LastResort.pak
[01:02:40:446ms][Trace][File] Begin write of 1454 bytes to D:\Games\Ready or Not\ReadyOrNot\Content\Paks\mod.io\3791\mods\4761012\pakchunk99-LastResort.pak
[01:02:40:446ms][Trace][File] Finish write to D:\Games\Ready or Not\ReadyOrNot\Content\Paks\mod.io\3791\mods\4761012\pakchunk99-LastResort.pak
[01:02:40:446ms][Trace][File] Begin read of 65536 bytes from C:\Users\SAPTAR~1\AppData\Local\Temp\lastresort_ron_101_wreadme.zip
[01:02:40:462ms][Trace][File] Finish read from C:\Users\SAPTAR~1\AppData\Local\Temp\lastresort_ron_101_wreadme.zip
[01:02:40:463ms][Trace][File] Begin write of 65536 bytes to D:\Games\Ready or Not\ReadyOrNot\Content\Paks\mod.io\3791\mods\4761012\pakchunk99-LastResort.pak
[01:02:40:463ms][Trace][File] Finish write to D:\Games\Ready or Not\ReadyOrNot\Content\Paks\mod.io\3791\mods\4761012\pakchunk99-LastResort.pak
[01:02:40:463ms][Trace][File] Begin write of 1775 bytes to D:\Games\Ready or Not\ReadyOrNot\Content\Paks\mod.io\3791\mods\4761012\pakchunk99-LastResort.pak
[01:02:40:463ms][Trace][File] Finish write to D:\Games\Ready or Not\ReadyOrNot\Content\Paks\mod.io\3791\mods\4761012\pakchunk99-LastResort.pak
[01:02:40:463ms][Trace][File] Begin read of 65536 bytes from C:\Users\SAPTAR~1\AppData\Local\Temp\lastresort_ron_101_wreadme.zip
[01:02:40:479ms][Trace][File] Finish read from C:\Users\SAPTAR~1\AppData\Local\Temp\lastresort_ron_101_wreadme.zip
[01:02:40:480ms][Trace][File] Begin write of 65536 bytes to D:\Games\Ready or Not\ReadyOrNot\Content\Paks\mod.io\3791\mods\4761012\pakchunk99-LastResort.pak
[01:02:40:480ms][Trace][File] Finish write to D:\Games\Ready or Not\ReadyOrNot\Content\Paks\mod.io\3791\mods\4761012\pakchunk99-LastResort.pak
[01:02:40:480ms][Trace][File] Begin write of 1753 bytes to D:\Games\Ready or Not\ReadyOrNot\Content\Paks\mod.io\3791\mods\4761012\pakchunk99-LastResort.pak
[01:02:40:480ms][Trace][File] Finish write to D:\Games\Ready or Not\ReadyOrNot\Content\Paks\mod.io\3791\mods\4761012\pakchunk99-LastResort.pak
[01:02:40:480ms][Trace][File] Begin read of 65536 bytes from C:\Users\SAPTAR~1\AppData\Local\Temp\lastresort_ron_101_wreadme.zip
[01:02:40:496ms][Trace][File] Finish read from C:\Users\SAPTAR~1\AppData\Local\Temp\lastresort_ron_101_wreadme.zip
[01:02:40:496ms][Trace][File] Begin write of 65536 bytes to D:\Games\Ready or Not\ReadyOrNot\Content\Paks\mod.io\3791\mods\4761012\pakchunk99-LastResort.pak
[01:02:40:497ms][Trace][File] Finish write to D:\Games\Ready or Not\ReadyOrNot\Content\Paks\mod.io\3791\mods\4761012\pakchunk99-LastResort.pak
[01:02:40:497ms][Trace][File] Begin write of 1965 bytes to D:\Games\Ready or Not\ReadyOrNot\Content\Paks\mod.io\3791\mods\4761012\pakchunk99-LastResort.pak
[01:02:40:497ms][Trace][File] Finish write to D:\Games\Ready or Not\ReadyOrNot\Content\Paks\mod.io\3791\mods\4761012\pakchunk99-LastResort.pak
[01:02:40:497ms][Trace][File] Begin read of 65536 bytes from C:\Users\SAPTAR~1\AppData\Local\Temp\lastresort_ron_101_wreadme.zip
[01:02:40:513ms][Trace][File] Finish read from C:\Users\SAPTAR~1\AppData\Local\Temp\lastresort_ron_101_wreadme.zip
[01:02:40:513ms][Trace][File] Begin write of 65536 bytes to D:\Games\Ready or Not\ReadyOrNot\Content\Paks\mod.io\3791\mods\4761012\pakchunk99-LastResort.pak
[01:02:40:513ms][Trace][File] Finish write to D:\Games\Ready or Not\ReadyOrNot\Content\Paks\mod.io\3791\mods\4761012\pakchunk99-LastResort.pak
[01:02:40:513ms][Trace][File] Begin write of 1682 bytes to D:\Games\Ready or Not\ReadyOrNot\Content\Paks\mod.io\3791\mods\4761012\pakchunk99-LastResort.pak
[01:02:40:513ms][Trace][File] Finish write to D:\Games\Ready or Not\ReadyOrNot\Content\Paks\mod.io\3791\mods\4761012\pakchunk99-LastResort.pak
[01:02:40:513ms][Trace][File] Begin read of 65536 bytes from C:\Users\SAPTAR~1\AppData\Local\Temp\lastresort_ron_101_wreadme.zip
[01:02:40:529ms][Trace][File] Finish read from C:\Users\SAPTAR~1\AppData\Local\Temp\lastresort_ron_101_wreadme.zip
[01:02:40:530ms][Trace][File] Begin write of 65536 bytes to D:\Games\Ready or Not\ReadyOrNot\Content\Paks\mod.io\3791\mods\4761012\pakchunk99-LastResort.pak
[01:02:40:530ms][Trace][File] Finish write to D:\Games\Ready or Not\ReadyOrNot\Content\Paks\mod.io\3791\mods\4761012\pakchunk99-LastResort.pak
[01:02:40:530ms][Trace][File] Begin write of 1917 bytes to D:\Games\Ready or Not\ReadyOrNot\Content\Paks\mod.io\3791\mods\4761012\pakchunk99-LastResort.pak
[01:02:40:530ms][Trace][File] Finish write to D:\Games\Ready or Not\ReadyOrNot\Content\Paks\mod.io\3791\mods\4761012\pakchunk99-LastResort.pak
[01:02:40:530ms][Trace][File] Begin read of 65536 bytes from C:\Users\SAPTAR~1\AppData\Local\Temp\lastresort_ron_101_wreadme.zip
[01:02:40:546ms][Trace][File] Finish read from C:\Users\SAPTAR~1\AppData\Local\Temp\lastresort_ron_101_wreadme.zip
[01:02:40:546ms][Trace][File] Begin write of 65536 bytes to D:\Games\Ready or Not\ReadyOrNot\Content\Paks\mod.io\3791\mods\4761012\pakchunk99-LastResort.pak
[01:02:40:546ms][Trace][File] Finish write to D:\Games\Ready or Not\ReadyOrNot\Content\Paks\mod.io\3791\mods\4761012\pakchunk99-LastResort.pak
[01:02:40:546ms][Trace][File] Begin write of 1979 bytes to D:\Games\Ready or Not\ReadyOrNot\Content\Paks\mod.io\3791\mods\4761012\pakchunk99-LastResort.pak
[01:02:40:546ms][Trace][File] Finish write to D:\Games\Ready or Not\ReadyOrNot\Content\Paks\mod.io\3791\mods\4761012\pakchunk99-LastResort.pak
[01:02:40:546ms][Trace][File] Begin read of 65536 bytes from C:\Users\SAPTAR~1\AppData\Local\Temp\lastresort_ron_101_wreadme.zip
[01:02:40:562ms][Trace][File] Finish read from C:\Users\SAPTAR~1\AppData\Local\Temp\lastresort_ron_101_wreadme.zip
[01:02:40:563ms][Trace][File] Begin write of 65536 bytes to D:\Games\Ready or Not\ReadyOrNot\Content\Paks\mod.io\3791\mods\4761012\pakchunk99-LastResort.pak
[01:02:40:563ms][Trace][File] Finish write to D:\Games\Ready or Not\ReadyOrNot\Content\Paks\mod.io\3791\mods\4761012\pakchunk99-LastResort.pak
[01:02:40:563ms][Trace][File] Begin write of 2850 bytes to D:\Games\Ready or Not\ReadyOrNot\Content\Paks\mod.io\3791\mods\4761012\pakchunk99-LastResort.pak
[01:02:40:563ms][Trace][File] Finish write to D:\Games\Ready or Not\ReadyOrNot\Content\Paks\mod.io\3791\mods\4761012\pakchunk99-LastResort.pak
[01:02:40:563ms][Trace][File] Begin read of 65536 bytes from C:\Users\SAPTAR~1\AppData\Local\Temp\lastresort_ron_101_wreadme.zip
[01:02:40:579ms][Trace][File] Finish read from C:\Users\SAPTAR~1\AppData\Local\Temp\lastresort_ron_101_wreadme.zip
[01:02:40:580ms][Trace][File] Begin write of 65536 bytes to D:\Games\Ready or Not\ReadyOrNot\Content\Paks\mod.io\3791\mods\4761012\pakchunk99-LastResort.pak
[01:02:40:580ms][Trace][File] Finish write to D:\Games\Ready or Not\ReadyOrNot\Content\Paks\mod.io\3791\mods\4761012\pakchunk99-LastResort.pak
[01:02:40:580ms][Trace][File] Begin write of 1642 bytes to D:\Games\Ready or Not\ReadyOrNot\Content\Paks\mod.io\3791\mods\4761012\pakchunk99-LastResort.pak
[01:02:40:580ms][Trace][File] Finish write to D:\Games\Ready or Not\ReadyOrNot\Content\Paks\mod.io\3791\mods\4761012\pakchunk99-LastResort.pak
[01:02:40:580ms][Trace][File] Begin read of 65536 bytes from C:\Users\SAPTAR~1\AppData\Local\Temp\lastresort_ron_101_wreadme.zip
[01:02:40:596ms][Trace][File] Finish read from C:\Users\SAPTAR~1\AppData\Local\Temp\lastresort_ron_101_wreadme.zip
[01:02:40:596ms][Trace][File] Begin write of 65536 bytes to D:\Games\Ready or Not\ReadyOrNot\Content\Paks\mod.io\3791\mods\4761012\pakchunk99-LastResort.pak
[01:02:40:596ms][Trace][File] Finish write to D:\Games\Ready or Not\ReadyOrNot\Content\Paks\mod.io\3791\mods\4761012\pakchunk99-LastResort.pak
[01:02:40:596ms][Trace][File] Begin write of 2464 bytes to D:\Games\Ready or Not\ReadyOrNot\Content\Paks\mod.io\3791\mods\4761012\pakchunk99-LastResort.pak
[01:02:40:596ms][Trace][File] Finish write to D:\Games\Ready or Not\ReadyOrNot\Content\Paks\mod.io\3791\mods\4761012\pakchunk99-LastResort.pak
[01:02:40:596ms][Trace][File] Begin read of 65536 bytes from C:\Users\SAPTAR~1\AppData\Local\Temp\lastresort_ron_101_wreadme.zip
[01:02:40:613ms][Trace][File] Finish read from C:\Users\SAPTAR~1\AppData\Local\Temp\lastresort_ron_101_wreadme.zip
[01:02:40:613ms][Trace][File] Begin write of 65536 bytes to D:\Games\Ready or Not\ReadyOrNot\Content\Paks\mod.io\3791\mods\4761012\pakchunk99-LastResort.pak
[01:02:40:613ms][Trace][File] Finish write to D:\Games\Ready or Not\ReadyOrNot\Content\Paks\mod.io\3791\mods\4761012\pakchunk99-LastResort.pak
[01:02:40:613ms][Trace][File] Begin write of 1978 bytes to D:\Games\Ready or Not\ReadyOrNot\Content\Paks\mod.io\3791\mods\4761012\pakchunk99-LastResort.pak
[01:02:40:613ms][Trace][File] Finish write to D:\Games\Ready or Not\ReadyOrNot\Content\Paks\mod.io\3791\mods\4761012\pakchunk99-LastResort.pak
[01:02:40:613ms][Trace][File] Begin read of 65536 bytes from C:\Users\SAPTAR~1\AppData\Local\Temp\lastresort_ron_101_wreadme.zip
[01:02:40:629ms][Trace][File] Finish read from C:\Users\SAPTAR~1\AppData\Local\Temp\lastresort_ron_101_wreadme.zip
[01:02:40:630ms][Trace][File] Begin write of 65536 bytes to D:\Games\Ready or Not\ReadyOrNot\Content\Paks\mod.io\3791\mods\4761012\pakchunk99-LastResort.pak
[01:02:40:630ms][Trace][File] Finish write to D:\Games\Ready or Not\ReadyOrNot\Content\Paks\mod.io\3791\mods\4761012\pakchunk99-LastResort.pak
[01:02:40:630ms][Trace][File] Begin write of 4451 bytes to D:\Games\Ready or Not\ReadyOrNot\Content\Paks\mod.io\3791\mods\4761012\pakchunk99-LastResort.pak
[01:02:40:630ms][Trace][File] Finish write to D:\Games\Ready or Not\ReadyOrNot\Content\Paks\mod.io\3791\mods\4761012\pakchunk99-LastResort.pak
[01:02:40:630ms][Trace][File] Begin read of 65536 bytes from C:\Users\SAPTAR~1\AppData\Local\Temp\lastresort_ron_101_wreadme.zip
[01:02:40:646ms][Trace][File] Finish read from C:\Users\SAPTAR~1\AppData\Local\Temp\lastresort_ron_101_wreadme.zip
[01:02:40:646ms][Trace][File] Begin write of 65536 bytes to D:\Games\Ready or Not\ReadyOrNot\Content\Paks\mod.io\3791\mods\4761012\pakchunk99-LastResort.pak
[01:02:40:646ms][Trace][File] Finish write to D:\Games\Ready or Not\ReadyOrNot\Content\Paks\mod.io\3791\mods\4761012\pakchunk99-LastResort.pak
[01:02:40:646ms][Trace][File] Begin write of 5466 bytes to D:\Games\Ready or Not\ReadyOrNot\Content\Paks\mod.io\3791\mods\4761012\pakchunk99-LastResort.pak
[01:02:40:646ms][Trace][File] Finish write to D:\Games\Ready or Not\ReadyOrNot\Content\Paks\mod.io\3791\mods\4761012\pakchunk99-LastResort.pak
[01:02:40:646ms][Trace][File] Begin read of 65536 bytes from C:\Users\SAPTAR~1\AppData\Local\Temp\lastresort_ron_101_wreadme.zip
[01:02:40:663ms][Trace][File] Finish read from C:\Users\SAPTAR~1\AppData\Local\Temp\lastresort_ron_101_wreadme.zip
[01:02:40:663ms][Trace][File] Begin write of 65536 bytes to D:\Games\Ready or Not\ReadyOrNot\Content\Paks\mod.io\3791\mods\4761012\pakchunk99-LastResort.pak
[01:02:40:663ms][Trace][File] Finish write to D:\Games\Ready or Not\ReadyOrNot\Content\Paks\mod.io\3791\mods\4761012\pakchunk99-LastResort.pak
[01:02:40:663ms][Trace][File] Begin write of 451 bytes to D:\Games\Ready or Not\ReadyOrNot\Content\Paks\mod.io\3791\mods\4761012\pakchunk99-LastResort.pak
[01:02:40:663ms][Trace][File] Finish write to D:\Games\Ready or Not\ReadyOrNot\Content\Paks\mod.io\3791\mods\4761012\pakchunk99-LastResort.pak
[01:02:40:663ms][Trace][File] Begin read of 65536 bytes from C:\Users\SAPTAR~1\AppData\Local\Temp\lastresort_ron_101_wreadme.zip
[01:02:40:663ms][Trace][File] Finish read from C:\Users\SAPTAR~1\AppData\Local\Temp\lastresort_ron_101_wreadme.zip
[01:02:40:664ms][Trace][File] Begin write of 65367 bytes to D:\Games\Ready or Not\ReadyOrNot\Content\Paks\mod.io\3791\mods\4761012\pakchunk99-LastResort.pak
[01:02:40:664ms][Trace][File] Finish write to D:\Games\Ready or Not\ReadyOrNot\Content\Paks\mod.io\3791\mods\4761012\pakchunk99-LastResort.pak
[01:02:40:664ms][Trace][File] Begin read of 65536 bytes from C:\Users\SAPTAR~1\AppData\Local\Temp\lastresort_ron_101_wreadme.zip
[01:02:40:679ms][Trace][File] Finish read from C:\Users\SAPTAR~1\AppData\Local\Temp\lastresort_ron_101_wreadme.zip
[01:02:40:680ms][Trace][File] Begin write of 65536 bytes to D:\Games\Ready or Not\ReadyOrNot\Content\Paks\mod.io\3791\mods\4761012\pakchunk99-LastResort.pak
[01:02:40:680ms][Trace][File] Finish write to D:\Games\Ready or Not\ReadyOrNot\Content\Paks\mod.io\3791\mods\4761012\pakchunk99-LastResort.pak
[01:02:40:680ms][Trace][File] Begin write of 6005 bytes to D:\Games\Ready or Not\ReadyOrNot\Content\Paks\mod.io\3791\mods\4761012\pakchunk99-LastResort.pak
[01:02:40:680ms][Trace][File] Finish write to D:\Games\Ready or Not\ReadyOrNot\Content\Paks\mod.io\3791\mods\4761012\pakchunk99-LastResort.pak
[01:02:40:680ms][Trace][File] Begin read of 65536 bytes from C:\Users\SAPTAR~1\AppData\Local\Temp\lastresort_ron_101_wreadme.zip
[01:02:40:696ms][Trace][File] Finish read from C:\Users\SAPTAR~1\AppData\Local\Temp\lastresort_ron_101_wreadme.zip
[01:02:40:696ms][Trace][File] Begin write of 65536 bytes to D:\Games\Ready or Not\ReadyOrNot\Content\Paks\mod.io\3791\mods\4761012\pakchunk99-LastResort.pak
[01:02:40:696ms][Trace][File] Finish write to D:\Games\Ready or Not\ReadyOrNot\Content\Paks\mod.io\3791\mods\4761012\pakchunk99-LastResort.pak
[01:02:40:696ms][Trace][File] Begin write of 1356 bytes to D:\Games\Ready or Not\ReadyOrNot\Content\Paks\mod.io\3791\mods\4761012\pakchunk99-LastResort.pak
[01:02:40:696ms][Trace][File] Finish write to D:\Games\Ready or Not\ReadyOrNot\Content\Paks\mod.io\3791\mods\4761012\pakchunk99-LastResort.pak
[01:02:40:696ms][Trace][File] Begin read of 65536 bytes from C:\Users\SAPTAR~1\AppData\Local\Temp\lastresort_ron_101_wreadme.zip
[01:02:40:714ms][Trace][File] Finish read from C:\Users\SAPTAR~1\AppData\Local\Temp\lastresort_ron_101_wreadme.zip
[01:02:40:714ms][Trace][File] Begin write of 65536 bytes to D:\Games\Ready or Not\ReadyOrNot\Content\Paks\mod.io\3791\mods\4761012\pakchunk99-LastResort.pak
[01:02:40:714ms][Trace][File] Finish write to D:\Games\Ready or Not\ReadyOrNot\Content\Paks\mod.io\3791\mods\4761012\pakchunk99-LastResort.pak
[01:02:40:714ms][Trace][File] Begin write of 1587 bytes to D:\Games\Ready or Not\ReadyOrNot\Content\Paks\mod.io\3791\mods\4761012\pakchunk99-LastResort.pak
[01:02:40:714ms][Trace][File] Finish write to D:\Games\Ready or Not\ReadyOrNot\Content\Paks\mod.io\3791\mods\4761012\pakchunk99-LastResort.pak
[01:02:40:714ms][Trace][File] Begin read of 65536 bytes from C:\Users\SAPTAR~1\AppData\Local\Temp\lastresort_ron_101_wreadme.zip
[01:02:40:729ms][Trace][File] Finish read from C:\Users\SAPTAR~1\AppData\Local\Temp\lastresort_ron_101_wreadme.zip
[01:02:40:730ms][Trace][File] Begin write of 65536 bytes to D:\Games\Ready or Not\ReadyOrNot\Content\Paks\mod.io\3791\mods\4761012\pakchunk99-LastResort.pak
[01:02:40:730ms][Trace][File] Finish write to D:\Games\Ready or Not\ReadyOrNot\Content\Paks\mod.io\3791\mods\4761012\pakchunk99-LastResort.pak
[01:02:40:730ms][Trace][File] Begin write of 1915 bytes to D:\Games\Ready or Not\ReadyOrNot\Content\Paks\mod.io\3791\mods\4761012\pakchunk99-LastResort.pak
[01:02:40:730ms][Trace][File] Finish write to D:\Games\Ready or Not\ReadyOrNot\Content\Paks\mod.io\3791\mods\4761012\pakchunk99-LastResort.pak
[01:02:40:730ms][Trace][File] Begin read of 65536 bytes from C:\Users\SAPTAR~1\AppData\Local\Temp\lastresort_ron_101_wreadme.zip
[01:02:40:747ms][Trace][File] Finish read from C:\Users\SAPTAR~1\AppData\Local\Temp\lastresort_ron_101_wreadme.zip
[01:02:40:747ms][Trace][File] Begin write of 65536 bytes to D:\Games\Ready or Not\ReadyOrNot\Content\Paks\mod.io\3791\mods\4761012\pakchunk99-LastResort.pak
[01:02:40:747ms][Trace][File] Finish write to D:\Games\Ready or Not\ReadyOrNot\Content\Paks\mod.io\3791\mods\4761012\pakchunk99-LastResort.pak
[01:02:40:747ms][Trace][File] Begin write of 1927 bytes to D:\Games\Ready or Not\ReadyOrNot\Content\Paks\mod.io\3791\mods\4761012\pakchunk99-LastResort.pak
[01:02:40:747ms][Trace][File] Finish write to D:\Games\Ready or Not\ReadyOrNot\Content\Paks\mod.io\3791\mods\4761012\pakchunk99-LastResort.pak
[01:02:40:747ms][Trace][File] Begin read of 65536 bytes from C:\Users\SAPTAR~1\AppData\Local\Temp\lastresort_ron_101_wreadme.zip
[01:02:40:763ms][Trace][File] Finish read from C:\Users\SAPTAR~1\AppData\Local\Temp\lastresort_ron_101_wreadme.zip
[01:02:40:763ms][Trace][File] Begin write of 65536 bytes to D:\Games\Ready or Not\ReadyOrNot\Content\Paks\mod.io\3791\mods\4761012\pakchunk99-LastResort.pak
[01:02:40:763ms][Trace][File] Finish write to D:\Games\Ready or Not\ReadyOrNot\Content\Paks\mod.io\3791\mods\4761012\pakchunk99-LastResort.pak
[01:02:40:763ms][Trace][File] Begin write of 1388 bytes to D:\Games\Ready or Not\ReadyOrNot\Content\Paks\mod.io\3791\mods\4761012\pakchunk99-LastResort.pak
[01:02:40:763ms][Trace][File] Finish write to D:\Games\Ready or Not\ReadyOrNot\Content\Paks\mod.io\3791\mods\4761012\pakchunk99-LastResort.pak
[01:02:40:763ms][Trace][File] Begin read of 65536 bytes from C:\Users\SAPTAR~1\AppData\Local\Temp\lastresort_ron_101_wreadme.zip
[01:02:40:780ms][Trace][File] Finish read from C:\Users\SAPTAR~1\AppData\Local\Temp\lastresort_ron_101_wreadme.zip
[01:02:40:780ms][Trace][File] Begin write of 65536 bytes to D:\Games\Ready or Not\ReadyOrNot\Content\Paks\mod.io\3791\mods\4761012\pakchunk99-LastResort.pak
[01:02:40:780ms][Trace][File] Finish write to D:\Games\Ready or Not\ReadyOrNot\Content\Paks\mod.io\3791\mods\4761012\pakchunk99-LastResort.pak
[01:02:40:780ms][Trace][File] Begin write of 2359 bytes to D:\Games\Ready or Not\ReadyOrNot\Content\Paks\mod.io\3791\mods\4761012\pakchunk99-LastResort.pak
[01:02:40:780ms][Trace][File] Finish write to D:\Games\Ready or Not\ReadyOrNot\Content\Paks\mod.io\3791\mods\4761012\pakchunk99-LastResort.pak
[01:02:40:780ms][Trace][File] Begin read of 65536 bytes from C:\Users\SAPTAR~1\AppData\Local\Temp\lastresort_ron_101_wreadme.zip
[01:02:40:796ms][Trace][File] Finish read from C:\Users\SAPTAR~1\AppData\Local\Temp\lastresort_ron_101_wreadme.zip
[01:02:40:797ms][Trace][File] Begin write of 65536 bytes to D:\Games\Ready or Not\ReadyOrNot\Content\Paks\mod.io\3791\mods\4761012\pakchunk99-LastResort.pak
[01:02:40:797ms][Trace][File] Finish write to D:\Games\Ready or Not\ReadyOrNot\Content\Paks\mod.io\3791\mods\4761012\pakchunk99-LastResort.pak
[01:02:40:797ms][Trace][File] Begin write of 2153 bytes to D:\Games\Ready or Not\ReadyOrNot\Content\Paks\mod.io\3791\mods\4761012\pakchunk99-LastResort.pak
[01:02:40:797ms][Trace][File] Finish write to D:\Games\Ready or Not\ReadyOrNot\Content\Paks\mod.io\3791\mods\4761012\pakchunk99-LastResort.pak
[01:02:40:797ms][Trace][File] Begin read of 65536 bytes from C:\Users\SAPTAR~1\AppData\Local\Temp\lastresort_ron_101_wreadme.zip
[01:02:40:813ms][Trace][File] Finish read from C:\Users\SAPTAR~1\AppData\Local\Temp\lastresort_ron_101_wreadme.zip
[01:02:40:813ms][Trace][File] Begin write of 65536 bytes to D:\Games\Ready or Not\ReadyOrNot\Content\Paks\mod.io\3791\mods\4761012\pakchunk99-LastResort.pak
[01:02:40:813ms][Trace][File] Finish write to D:\Games\Ready or Not\ReadyOrNot\Content\Paks\mod.io\3791\mods\4761012\pakchunk99-LastResort.pak
[01:02:40:813ms][Trace][File] Begin write of 2206 bytes to D:\Games\Ready or Not\ReadyOrNot\Content\Paks\mod.io\3791\mods\4761012\pakchunk99-LastResort.pak
[01:02:40:813ms][Trace][File] Finish write to D:\Games\Ready or Not\ReadyOrNot\Content\Paks\mod.io\3791\mods\4761012\pakchunk99-LastResort.pak
[01:02:40:813ms][Trace][File] Begin read of 65536 bytes from C:\Users\SAPTAR~1\AppData\Local\Temp\lastresort_ron_101_wreadme.zip
[01:02:40:829ms][Trace][File] Finish read from C:\Users\SAPTAR~1\AppData\Local\Temp\lastresort_ron_101_wreadme.zip
[01:02:40:830ms][Trace][File] Begin write of 65536 bytes to D:\Games\Ready or Not\ReadyOrNot\Content\Paks\mod.io\3791\mods\4761012\pakchunk99-LastResort.pak
[01:02:40:830ms][Trace][File] Finish write to D:\Games\Ready or Not\ReadyOrNot\Content\Paks\mod.io\3791\mods\4761012\pakchunk99-LastResort.pak
[01:02:40:830ms][Trace][File] Begin write of 4408 bytes to D:\Games\Ready or Not\ReadyOrNot\Content\Paks\mod.io\3791\mods\4761012\pakchunk99-LastResort.pak
[01:02:40:830ms][Trace][File] Finish write to D:\Games\Ready or Not\ReadyOrNot\Content\Paks\mod.io\3791\mods\4761012\pakchunk99-LastResort.pak
[01:02:40:830ms][Trace][File] Begin read of 65536 bytes from C:\Users\SAPTAR~1\AppData\Local\Temp\lastresort_ron_101_wreadme.zip
[01:02:40:846ms][Trace][File] Finish read from C:\Users\SAPTAR~1\AppData\Local\Temp\lastresort_ron_101_wreadme.zip
[01:02:40:846ms][Trace][File] Begin write of 65536 bytes to D:\Games\Ready or Not\ReadyOrNot\Content\Paks\mod.io\3791\mods\4761012\pakchunk99-LastResort.pak
[01:02:40:847ms][Trace][File] Finish write to D:\Games\Ready or Not\ReadyOrNot\Content\Paks\mod.io\3791\mods\4761012\pakchunk99-LastResort.pak
[01:02:40:847ms][Trace][File] Begin write of 1969 bytes to D:\Games\Ready or Not\ReadyOrNot\Content\Paks\mod.io\3791\mods\4761012\pakchunk99-LastResort.pak
[01:02:40:847ms][Trace][File] Finish write to D:\Games\Ready or Not\ReadyOrNot\Content\Paks\mod.io\3791\mods\4761012\pakchunk99-LastResort.pak
[01:02:40:847ms][Trace][File] Begin read of 65536 bytes from C:\Users\SAPTAR~1\AppData\Local\Temp\lastresort_ron_101_wreadme.zip
[01:02:40:863ms][Trace][File] Finish read from C:\Users\SAPTAR~1\AppData\Local\Temp\lastresort_ron_101_wreadme.zip
[01:02:40:863ms][Trace][File] Begin write of 65536 bytes to D:\Games\Ready or Not\ReadyOrNot\Content\Paks\mod.io\3791\mods\4761012\pakchunk99-LastResort.pak
[01:02:40:863ms][Trace][File] Finish write to D:\Games\Ready or Not\ReadyOrNot\Content\Paks\mod.io\3791\mods\4761012\pakchunk99-LastResort.pak
[01:02:40:863ms][Trace][File] Begin write of 1812 bytes to D:\Games\Ready or Not\ReadyOrNot\Content\Paks\mod.io\3791\mods\4761012\pakchunk99-LastResort.pak
[01:02:40:863ms][Trace][File] Finish write to D:\Games\Ready or Not\ReadyOrNot\Content\Paks\mod.io\3791\mods\4761012\pakchunk99-LastResort.pak
[01:02:40:863ms][Trace][File] Begin read of 65536 bytes from C:\Users\SAPTAR~1\AppData\Local\Temp\lastresort_ron_101_wreadme.zip
[01:02:40:880ms][Trace][File] Finish read from C:\Users\SAPTAR~1\AppData\Local\Temp\lastresort_ron_101_wreadme.zip
[01:02:40:880ms][Trace][File] Begin write of 65536 bytes to D:\Games\Ready or Not\ReadyOrNot\Content\Paks\mod.io\3791\mods\4761012\pakchunk99-LastResort.pak
[01:02:40:880ms][Trace][File] Finish write to D:\Games\Ready or Not\ReadyOrNot\Content\Paks\mod.io\3791\mods\4761012\pakchunk99-LastResort.pak
[01:02:40:880ms][Trace][File] Begin write of 2648 bytes to D:\Games\Ready or Not\ReadyOrNot\Content\Paks\mod.io\3791\mods\4761012\pakchunk99-LastResort.pak
[01:02:40:880ms][Trace][File] Finish write to D:\Games\Ready or Not\ReadyOrNot\Content\Paks\mod.io\3791\mods\4761012\pakchunk99-LastResort.pak
[01:02:40:880ms][Trace][File] Begin read of 65536 bytes from C:\Users\SAPTAR~1\AppData\Local\Temp\lastresort_ron_101_wreadme.zip
[01:02:40:896ms][Trace][File] Finish read from C:\Users\SAPTAR~1\AppData\Local\Temp\lastresort_ron_101_wreadme.zip
[01:02:40:896ms][Trace][File] Begin write of 65536 bytes to D:\Games\Ready or Not\ReadyOrNot\Content\Paks\mod.io\3791\mods\4761012\pakchunk99-LastResort.pak
[01:02:40:897ms][Trace][File] Finish write to D:\Games\Ready or Not\ReadyOrNot\Content\Paks\mod.io\3791\mods\4761012\pakchunk99-LastResort.pak
[01:02:40:897ms][Trace][File] Begin write of 1536 bytes to D:\Games\Ready or Not\ReadyOrNot\Content\Paks\mod.io\3791\mods\4761012\pakchunk99-LastResort.pak
[01:02:40:897ms][Trace][File] Finish write to D:\Games\Ready or Not\ReadyOrNot\Content\Paks\mod.io\3791\mods\4761012\pakchunk99-LastResort.pak
[01:02:40:897ms][Trace][File] Begin read of 65536 bytes from C:\Users\SAPTAR~1\AppData\Local\Temp\lastresort_ron_101_wreadme.zip
[01:02:40:913ms][Trace][File] Finish read from C:\Users\SAPTAR~1\AppData\Local\Temp\lastresort_ron_101_wreadme.zip
[01:02:40:913ms][Trace][File] Begin write of 65536 bytes to D:\Games\Ready or Not\ReadyOrNot\Content\Paks\mod.io\3791\mods\4761012\pakchunk99-LastResort.pak
[01:02:40:913ms][Trace][File] Finish write to D:\Games\Ready or Not\ReadyOrNot\Content\Paks\mod.io\3791\mods\4761012\pakchunk99-LastResort.pak
[01:02:40:913ms][Trace][File] Begin write of 1685 bytes to D:\Games\Ready or Not\ReadyOrNot\Content\Paks\mod.io\3791\mods\4761012\pakchunk99-LastResort.pak
[01:02:40:913ms][Trace][File] Finish write to D:\Games\Ready or Not\ReadyOrNot\Content\Paks\mod.io\3791\mods\4761012\pakchunk99-LastResort.pak
[01:02:40:913ms][Trace][File] Begin read of 65536 bytes from C:\Users\SAPTAR~1\AppData\Local\Temp\lastresort_ron_101_wreadme.zip
[01:02:40:929ms][Trace][File] Finish read from C:\Users\SAPTAR~1\AppData\Local\Temp\lastresort_ron_101_wreadme.zip
[01:02:40:930ms][Trace][File] Begin write of 65536 bytes to D:\Games\Ready or Not\ReadyOrNot\Content\Paks\mod.io\3791\mods\4761012\pakchunk99-LastResort.pak
[01:02:40:930ms][Trace][File] Finish write to D:\Games\Ready or Not\ReadyOrNot\Content\Paks\mod.io\3791\mods\4761012\pakchunk99-LastResort.pak
[01:02:40:930ms][Trace][File] Begin write of 1248 bytes to D:\Games\Ready or Not\ReadyOrNot\Content\Paks\mod.io\3791\mods\4761012\pakchunk99-LastResort.pak
[01:02:40:930ms][Trace][File] Finish write to D:\Games\Ready or Not\ReadyOrNot\Content\Paks\mod.io\3791\mods\4761012\pakchunk99-LastResort.pak
[01:02:40:930ms][Trace][File] Begin read of 65536 bytes from C:\Users\SAPTAR~1\AppData\Local\Temp\lastresort_ron_101_wreadme.zip
[01:02:40:946ms][Trace][File] Finish read from C:\Users\SAPTAR~1\AppData\Local\Temp\lastresort_ron_101_wreadme.zip
[01:02:40:946ms][Trace][File] Begin write of 65536 bytes to D:\Games\Ready or Not\ReadyOrNot\Content\Paks\mod.io\3791\mods\4761012\pakchunk99-LastResort.pak
[01:02:40:947ms][Trace][File] Finish write to D:\Games\Ready or Not\ReadyOrNot\Content\Paks\mod.io\3791\mods\4761012\pakchunk99-LastResort.pak
[01:02:40:947ms][Trace][File] Begin write of 2122 bytes to D:\Games\Ready or Not\ReadyOrNot\Content\Paks\mod.io\3791\mods\4761012\pakchunk99-LastResort.pak
[01:02:40:947ms][Trace][File] Finish write to D:\Games\Ready or Not\ReadyOrNot\Content\Paks\mod.io\3791\mods\4761012\pakchunk99-LastResort.pak
[01:02:40:947ms][Trace][File] Begin read of 65536 bytes from C:\Users\SAPTAR~1\AppData\Local\Temp\lastresort_ron_101_wreadme.zip
[01:02:40:963ms][Trace][File] Finish read from C:\Users\SAPTAR~1\AppData\Local\Temp\lastresort_ron_101_wreadme.zip
[01:02:40:963ms][Trace][File] Begin write of 65536 bytes to D:\Games\Ready or Not\ReadyOrNot\Content\Paks\mod.io\3791\mods\4761012\pakchunk99-LastResort.pak
[01:02:40:963ms][Trace][File] Finish write to D:\Games\Ready or Not\ReadyOrNot\Content\Paks\mod.io\3791\mods\4761012\pakchunk99-LastResort.pak
[01:02:40:963ms][Trace][File] Begin write of 2043 bytes to D:\Games\Ready or Not\ReadyOrNot\Content\Paks\mod.io\3791\mods\4761012\pakchunk99-LastResort.pak
[01:02:40:963ms][Trace][File] Finish write to D:\Games\Ready or Not\ReadyOrNot\Content\Paks\mod.io\3791\mods\4761012\pakchunk99-LastResort.pak
[01:02:40:963ms][Trace][File] Begin read of 65536 bytes from C:\Users\SAPTAR~1\AppData\Local\Temp\lastresort_ron_101_wreadme.zip
[01:02:40:979ms][Trace][File] Finish read from C:\Users\SAPTAR~1\AppData\Local\Temp\lastresort_ron_101_wreadme.zip
[01:02:40:980ms][Trace][File] Begin write of 65536 bytes to D:\Games\Ready or Not\ReadyOrNot\Content\Paks\mod.io\3791\mods\4761012\pakchunk99-LastResort.pak
[01:02:40:980ms][Trace][File] Finish write to D:\Games\Ready or Not\ReadyOrNot\Content\Paks\mod.io\3791\mods\4761012\pakchunk99-LastResort.pak
[01:02:40:980ms][Trace][File] Begin write of 2968 bytes to D:\Games\Ready or Not\ReadyOrNot\Content\Paks\mod.io\3791\mods\4761012\pakchunk99-LastResort.pak
[01:02:40:980ms][Trace][File] Finish write to D:\Games\Ready or Not\ReadyOrNot\Content\Paks\mod.io\3791\mods\4761012\pakchunk99-LastResort.pak
[01:02:40:980ms][Trace][File] Begin read of 65536 bytes from C:\Users\SAPTAR~1\AppData\Local\Temp\lastresort_ron_101_wreadme.zip
[01:02:40:996ms][Trace][File] Finish read from C:\Users\SAPTAR~1\AppData\Local\Temp\lastresort_ron_101_wreadme.zip
[01:02:40:996ms][Trace][File] Begin write of 65536 bytes to D:\Games\Ready or Not\ReadyOrNot\Content\Paks\mod.io\3791\mods\4761012\pakchunk99-LastResort.pak
[01:02:40:996ms][Trace][File] Finish write to D:\Games\Ready or Not\ReadyOrNot\Content\Paks\mod.io\3791\mods\4761012\pakchunk99-LastResort.pak
[01:02:40:996ms][Trace][File] Begin write of 1622 bytes to D:\Games\Ready or Not\ReadyOrNot\Content\Paks\mod.io\3791\mods\4761012\pakchunk99-LastResort.pak
[01:02:40:996ms][Trace][File] Finish write to D:\Games\Ready or Not\ReadyOrNot\Content\Paks\mod.io\3791\mods\4761012\pakchunk99-LastResort.pak
[01:02:40:996ms][Trace][File] Begin read of 65536 bytes from C:\Users\SAPTAR~1\AppData\Local\Temp\lastresort_ron_101_wreadme.zip
[01:02:41:13ms][Trace][File] Finish read from C:\Users\SAPTAR~1\AppData\Local\Temp\lastresort_ron_101_wreadme.zip
[01:02:41:13ms][Trace][File] Begin write of 65536 bytes to D:\Games\Ready or Not\ReadyOrNot\Content\Paks\mod.io\3791\mods\4761012\pakchunk99-LastResort.pak
[01:02:41:13ms][Trace][File] Finish write to D:\Games\Ready or Not\ReadyOrNot\Content\Paks\mod.io\3791\mods\4761012\pakchunk99-LastResort.pak
[01:02:41:13ms][Trace][File] Begin write of 2588 bytes to D:\Games\Ready or Not\ReadyOrNot\Content\Paks\mod.io\3791\mods\4761012\pakchunk99-LastResort.pak
[01:02:41:13ms][Trace][File] Finish write to D:\Games\Ready or Not\ReadyOrNot\Content\Paks\mod.io\3791\mods\4761012\pakchunk99-LastResort.pak
[01:02:41:13ms][Trace][File] Begin read of 65536 bytes from C:\Users\SAPTAR~1\AppData\Local\Temp\lastresort_ron_101_wreadme.zip
[01:02:41:29ms][Trace][File] Finish read from C:\Users\SAPTAR~1\AppData\Local\Temp\lastresort_ron_101_wreadme.zip
[01:02:41:30ms][Trace][File] Begin write of 65536 bytes to D:\Games\Ready or Not\ReadyOrNot\Content\Paks\mod.io\3791\mods\4761012\pakchunk99-LastResort.pak
[01:02:41:30ms][Trace][File] Finish write to D:\Games\Ready or Not\ReadyOrNot\Content\Paks\mod.io\3791\mods\4761012\pakchunk99-LastResort.pak
[01:02:41:30ms][Trace][File] Begin write of 3562 bytes to D:\Games\Ready or Not\ReadyOrNot\Content\Paks\mod.io\3791\mods\4761012\pakchunk99-LastResort.pak
[01:02:41:30ms][Trace][File] Finish write to D:\Games\Ready or Not\ReadyOrNot\Content\Paks\mod.io\3791\mods\4761012\pakchunk99-LastResort.pak
[01:02:41:30ms][Trace][File] Begin read of 65536 bytes from C:\Users\SAPTAR~1\AppData\Local\Temp\lastresort_ron_101_wreadme.zip
[01:02:41:46ms][Trace][File] Finish read from C:\Users\SAPTAR~1\AppData\Local\Temp\lastresort_ron_101_wreadme.zip
[01:02:41:47ms][Trace][File] Begin write of 65536 bytes to D:\Games\Ready or Not\ReadyOrNot\Content\Paks\mod.io\3791\mods\4761012\pakchunk99-LastResort.pak
[01:02:41:47ms][Trace][File] Finish write to D:\Games\Ready or Not\ReadyOrNot\Content\Paks\mod.io\3791\mods\4761012\pakchunk99-LastResort.pak
[01:02:41:47ms][Trace][File] Begin write of 1465 bytes to D:\Games\Ready or Not\ReadyOrNot\Content\Paks\mod.io\3791\mods\4761012\pakchunk99-LastResort.pak
[01:02:41:47ms][Trace][File] Finish write to D:\Games\Ready or Not\ReadyOrNot\Content\Paks\mod.io\3791\mods\4761012\pakchunk99-LastResort.pak
[01:02:41:47ms][Trace][File] Begin read of 65536 bytes from C:\Users\SAPTAR~1\AppData\Local\Temp\lastresort_ron_101_wreadme.zip
[01:02:41:47ms][Trace][File] Finish read from C:\Users\SAPTAR~1\AppData\Local\Temp\lastresort_ron_101_wreadme.zip
[01:02:41:63ms][Trace][File] Begin write of 65536 bytes to D:\Games\Ready or Not\ReadyOrNot\Content\Paks\mod.io\3791\mods\4761012\pakchunk99-LastResort.pak
[01:02:41:63ms][Trace][File] Finish write to D:\Games\Ready or Not\ReadyOrNot\Content\Paks\mod.io\3791\mods\4761012\pakchunk99-LastResort.pak
[01:02:41:63ms][Trace][File] Begin write of 1826 bytes to D:\Games\Ready or Not\ReadyOrNot\Content\Paks\mod.io\3791\mods\4761012\pakchunk99-LastResort.pak
[01:02:41:63ms][Trace][File] Finish write to D:\Games\Ready or Not\ReadyOrNot\Content\Paks\mod.io\3791\mods\4761012\pakchunk99-LastResort.pak
[01:02:41:63ms][Trace][File] Begin read of 65536 bytes from C:\Users\SAPTAR~1\AppData\Local\Temp\lastresort_ron_101_wreadme.zip
[01:02:41:64ms][Trace][File] Finish read from C:\Users\SAPTAR~1\AppData\Local\Temp\lastresort_ron_101_wreadme.zip
[01:02:41:79ms][Trace][File] Begin write of 65536 bytes to D:\Games\Ready or Not\ReadyOrNot\Content\Paks\mod.io\3791\mods\4761012\pakchunk99-LastResort.pak
[01:02:41:80ms][Trace][File] Finish write to D:\Games\Ready or Not\ReadyOrNot\Content\Paks\mod.io\3791\mods\4761012\pakchunk99-LastResort.pak
[01:02:41:80ms][Trace][File] Begin write of 2254 bytes to D:\Games\Ready or Not\ReadyOrNot\Content\Paks\mod.io\3791\mods\4761012\pakchunk99-LastResort.pak
[01:02:41:80ms][Trace][File] Finish write to D:\Games\Ready or Not\ReadyOrNot\Content\Paks\mod.io\3791\mods\4761012\pakchunk99-LastResort.pak
[01:02:41:80ms][Trace][File] Begin read of 65536 bytes from C:\Users\SAPTAR~1\AppData\Local\Temp\lastresort_ron_101_wreadme.zip
[01:02:41:80ms][Trace][File] Finish read from C:\Users\SAPTAR~1\AppData\Local\Temp\lastresort_ron_101_wreadme.zip
[01:02:41:96ms][Trace][File] Begin write of 65536 bytes to D:\Games\Ready or Not\ReadyOrNot\Content\Paks\mod.io\3791\mods\4761012\pakchunk99-LastResort.pak
[01:02:41:96ms][Trace][File] Finish write to D:\Games\Ready or Not\ReadyOrNot\Content\Paks\mod.io\3791\mods\4761012\pakchunk99-LastResort.pak
[01:02:41:96ms][Trace][File] Begin write of 1570 bytes to D:\Games\Ready or Not\ReadyOrNot\Content\Paks\mod.io\3791\mods\4761012\pakchunk99-LastResort.pak
[01:02:41:96ms][Trace][File] Finish write to D:\Games\Ready or Not\ReadyOrNot\Content\Paks\mod.io\3791\mods\4761012\pakchunk99-LastResort.pak
[01:02:41:96ms][Trace][File] Begin read of 65536 bytes from C:\Users\SAPTAR~1\AppData\Local\Temp\lastresort_ron_101_wreadme.zip
[01:02:41:97ms][Trace][File] Finish read from C:\Users\SAPTAR~1\AppData\Local\Temp\lastresort_ron_101_wreadme.zip
[01:02:41:113ms][Trace][File] Begin write of 65536 bytes to D:\Games\Ready or Not\ReadyOrNot\Content\Paks\mod.io\3791\mods\4761012\pakchunk99-LastResort.pak
[01:02:41:113ms][Trace][File] Finish write to D:\Games\Ready or Not\ReadyOrNot\Content\Paks\mod.io\3791\mods\4761012\pakchunk99-LastResort.pak
[01:02:41:113ms][Trace][File] Begin write of 3104 bytes to D:\Games\Ready or Not\ReadyOrNot\Content\Paks\mod.io\3791\mods\4761012\pakchunk99-LastResort.pak
[01:02:41:113ms][Trace][File] Finish write to D:\Games\Ready or Not\ReadyOrNot\Content\Paks\mod.io\3791\mods\4761012\pakchunk99-LastResort.pak
[01:02:41:113ms][Trace][File] Begin read of 65536 bytes from C:\Users\SAPTAR~1\AppData\Local\Temp\lastresort_ron_101_wreadme.zip
[01:02:41:114ms][Trace][File] Finish read from C:\Users\SAPTAR~1\AppData\Local\Temp\lastresort_ron_101_wreadme.zip
[01:02:41:130ms][Trace][File] Begin write of 65536 bytes to D:\Games\Ready or Not\ReadyOrNot\Content\Paks\mod.io\3791\mods\4761012\pakchunk99-LastResort.pak
[01:02:41:130ms][Trace][File] Finish write to D:\Games\Ready or Not\ReadyOrNot\Content\Paks\mod.io\3791\mods\4761012\pakchunk99-LastResort.pak
[01:02:41:130ms][Trace][File] Begin write of 1752 bytes to D:\Games\Ready or Not\ReadyOrNot\Content\Paks\mod.io\3791\mods\4761012\pakchunk99-LastResort.pak
[01:02:41:130ms][Trace][File] Finish write to D:\Games\Ready or Not\ReadyOrNot\Content\Paks\mod.io\3791\mods\4761012\pakchunk99-LastResort.pak
[01:02:41:130ms][Trace][File] Begin read of 65536 bytes from C:\Users\SAPTAR~1\AppData\Local\Temp\lastresort_ron_101_wreadme.zip
[01:02:41:131ms][Trace][File] Finish read from C:\Users\SAPTAR~1\AppData\Local\Temp\lastresort_ron_101_wreadme.zip
[01:02:41:146ms][Trace][File] Begin write of 65536 bytes to D:\Games\Ready or Not\ReadyOrNot\Content\Paks\mod.io\3791\mods\4761012\pakchunk99-LastResort.pak
[01:02:41:146ms][Trace][File] Finish write to D:\Games\Ready or Not\ReadyOrNot\Content\Paks\mod.io\3791\mods\4761012\pakchunk99-LastResort.pak
[01:02:41:147ms][Trace][File] Begin write of 958 bytes to D:\Games\Ready or Not\ReadyOrNot\Content\Paks\mod.io\3791\mods\4761012\pakchunk99-LastResort.pak
[01:02:41:147ms][Trace][File] Finish write to D:\Games\Ready or Not\ReadyOrNot\Content\Paks\mod.io\3791\mods\4761012\pakchunk99-LastResort.pak
[01:02:41:147ms][Trace][File] Begin read of 65536 bytes from C:\Users\SAPTAR~1\AppData\Local\Temp\lastresort_ron_101_wreadme.zip
[01:02:41:184ms][Trace][File] Finish read from C:\Users\SAPTAR~1\AppData\Local\Temp\lastresort_ron_101_wreadme.zip
[01:02:41:184ms][Trace][File] Begin write of 65382 bytes to D:\Games\Ready or Not\ReadyOrNot\Content\Paks\mod.io\3791\mods\4761012\pakchunk99-LastResort.pak
[01:02:41:184ms][Trace][File] Finish write to D:\Games\Ready or Not\ReadyOrNot\Content\Paks\mod.io\3791\mods\4761012\pakchunk99-LastResort.pak
[01:02:41:184ms][Trace][File] Begin read of 65536 bytes from C:\Users\SAPTAR~1\AppData\Local\Temp\lastresort_ron_101_wreadme.zip
[01:02:41:200ms][Trace][File] Finish read from C:\Users\SAPTAR~1\AppData\Local\Temp\lastresort_ron_101_wreadme.zip
[01:02:41:201ms][Trace][File] Begin write of 65536 bytes to D:\Games\Ready or Not\ReadyOrNot\Content\Paks\mod.io\3791\mods\4761012\pakchunk99-LastResort.pak
[01:02:41:201ms][Trace][File] Finish write to D:\Games\Ready or Not\ReadyOrNot\Content\Paks\mod.io\3791\mods\4761012\pakchunk99-LastResort.pak
[01:02:41:201ms][Trace][File] Begin write of 6644 bytes to D:\Games\Ready or Not\ReadyOrNot\Content\Paks\mod.io\3791\mods\4761012\pakchunk99-LastResort.pak
[01:02:41:201ms][Trace][File] Finish write to D:\Games\Ready or Not\ReadyOrNot\Content\Paks\mod.io\3791\mods\4761012\pakchunk99-LastResort.pak
[01:02:41:201ms][Trace][File] Begin read of 65536 bytes from C:\Users\SAPTAR~1\AppData\Local\Temp\lastresort_ron_101_wreadme.zip
[01:02:41:217ms][Trace][File] Finish read from C:\Users\SAPTAR~1\AppData\Local\Temp\lastresort_ron_101_wreadme.zip
[01:02:41:217ms][Trace][File] Begin write of 65536 bytes to D:\Games\Ready or Not\ReadyOrNot\Content\Paks\mod.io\3791\mods\4761012\pakchunk99-LastResort.pak
[01:02:41:217ms][Trace][File] Finish write to D:\Games\Ready or Not\ReadyOrNot\Content\Paks\mod.io\3791\mods\4761012\pakchunk99-LastResort.pak
[01:02:41:217ms][Trace][File] Begin write of 1380 bytes to D:\Games\Ready or Not\ReadyOrNot\Content\Paks\mod.io\3791\mods\4761012\pakchunk99-LastResort.pak
[01:02:41:217ms][Trace][File] Finish write to D:\Games\Ready or Not\ReadyOrNot\Content\Paks\mod.io\3791\mods\4761012\pakchunk99-LastResort.pak
[01:02:41:217ms][Trace][File] Begin read of 65536 bytes from C:\Users\SAPTAR~1\AppData\Local\Temp\lastresort_ron_101_wreadme.zip
[01:02:41:234ms][Trace][File] Finish read from C:\Users\SAPTAR~1\AppData\Local\Temp\lastresort_ron_101_wreadme.zip
[01:02:41:234ms][Trace][File] Begin write of 65536 bytes to D:\Games\Ready or Not\ReadyOrNot\Content\Paks\mod.io\3791\mods\4761012\pakchunk99-LastResort.pak
[01:02:41:234ms][Trace][File] Finish write to D:\Games\Ready or Not\ReadyOrNot\Content\Paks\mod.io\3791\mods\4761012\pakchunk99-LastResort.pak
[01:02:41:234ms][Trace][File] Begin write of 1567 bytes to D:\Games\Ready or Not\ReadyOrNot\Content\Paks\mod.io\3791\mods\4761012\pakchunk99-LastResort.pak
[01:02:41:234ms][Trace][File] Finish write to D:\Games\Ready or Not\ReadyOrNot\Content\Paks\mod.io\3791\mods\4761012\pakchunk99-LastResort.pak
[01:02:41:234ms][Trace][File] Begin read of 65536 bytes from C:\Users\SAPTAR~1\AppData\Local\Temp\lastresort_ron_101_wreadme.zip
[01:02:41:250ms][Trace][File] Finish read from C:\Users\SAPTAR~1\AppData\Local\Temp\lastresort_ron_101_wreadme.zip
[01:02:41:251ms][Trace][File] Begin write of 65536 bytes to D:\Games\Ready or Not\ReadyOrNot\Content\Paks\mod.io\3791\mods\4761012\pakchunk99-LastResort.pak
[01:02:41:251ms][Trace][File] Finish write to D:\Games\Ready or Not\ReadyOrNot\Content\Paks\mod.io\3791\mods\4761012\pakchunk99-LastResort.pak
[01:02:41:251ms][Trace][File] Begin write of 1801 bytes to D:\Games\Ready or Not\ReadyOrNot\Content\Paks\mod.io\3791\mods\4761012\pakchunk99-LastResort.pak
[01:02:41:251ms][Trace][File] Finish write to D:\Games\Ready or Not\ReadyOrNot\Content\Paks\mod.io\3791\mods\4761012\pakchunk99-LastResort.pak
[01:02:41:251ms][Trace][File] Begin read of 65536 bytes from C:\Users\SAPTAR~1\AppData\Local\Temp\lastresort_ron_101_wreadme.zip
[01:02:41:267ms][Trace][File] Finish read from C:\Users\SAPTAR~1\AppData\Local\Temp\lastresort_ron_101_wreadme.zip
[01:02:41:267ms][Trace][File] Begin write of 65536 bytes to D:\Games\Ready or Not\ReadyOrNot\Content\Paks\mod.io\3791\mods\4761012\pakchunk99-LastResort.pak
[01:02:41:267ms][Trace][File] Finish write to D:\Games\Ready or Not\ReadyOrNot\Content\Paks\mod.io\3791\mods\4761012\pakchunk99-LastResort.pak
[01:02:41:268ms][Trace][File] Begin write of 2004 bytes to D:\Games\Ready or Not\ReadyOrNot\Content\Paks\mod.io\3791\mods\4761012\pakchunk99-LastResort.pak
[01:02:41:268ms][Trace][File] Finish write to D:\Games\Ready or Not\ReadyOrNot\Content\Paks\mod.io\3791\mods\4761012\pakchunk99-LastResort.pak
[01:02:41:268ms][Trace][File] Begin read of 65536 bytes from C:\Users\SAPTAR~1\AppData\Local\Temp\lastresort_ron_101_wreadme.zip
[01:02:41:268ms][Trace][File] Finish read from C:\Users\SAPTAR~1\AppData\Local\Temp\lastresort_ron_101_wreadme.zip
[01:02:41:284ms][Trace][File] Begin write of 65536 bytes to D:\Games\Ready or Not\ReadyOrNot\Content\Paks\mod.io\3791\mods\4761012\pakchunk99-LastResort.pak
[01:02:41:284ms][Trace][File] Finish write to D:\Games\Ready or Not\ReadyOrNot\Content\Paks\mod.io\3791\mods\4761012\pakchunk99-LastResort.pak
[01:02:41:284ms][Trace][File] Begin write of 1544 bytes to D:\Games\Ready or Not\ReadyOrNot\Content\Paks\mod.io\3791\mods\4761012\pakchunk99-LastResort.pak
[01:02:41:284ms][Trace][File] Finish write to D:\Games\Ready or Not\ReadyOrNot\Content\Paks\mod.io\3791\mods\4761012\pakchunk99-LastResort.pak
[01:02:41:284ms][Trace][File] Begin read of 65536 bytes from C:\Users\SAPTAR~1\AppData\Local\Temp\lastresort_ron_101_wreadme.zip
[01:02:41:284ms][Trace][File] Finish read from C:\Users\SAPTAR~1\AppData\Local\Temp\lastresort_ron_101_wreadme.zip
[01:02:41:285ms][Trace][File] Begin write of 65536 bytes to D:\Games\Ready or Not\ReadyOrNot\Content\Paks\mod.io\3791\mods\4761012\pakchunk99-LastResort.pak
[01:02:41:285ms][Trace][File] Finish write to D:\Games\Ready or Not\ReadyOrNot\Content\Paks\mod.io\3791\mods\4761012\pakchunk99-LastResort.pak
[01:02:41:285ms][Trace][File] Begin write of 2457 bytes to D:\Games\Ready or Not\ReadyOrNot\Content\Paks\mod.io\3791\mods\4761012\pakchunk99-LastResort.pak
[01:02:41:285ms][Trace][File] Finish write to D:\Games\Ready or Not\ReadyOrNot\Content\Paks\mod.io\3791\mods\4761012\pakchunk99-LastResort.pak
[01:02:41:285ms][Trace][File] Begin read of 65536 bytes from C:\Users\SAPTAR~1\AppData\Local\Temp\lastresort_ron_101_wreadme.zip
[01:02:41:300ms][Trace][File] Finish read from C:\Users\SAPTAR~1\AppData\Local\Temp\lastresort_ron_101_wreadme.zip
[01:02:41:301ms][Trace][File] Begin write of 65536 bytes to D:\Games\Ready or Not\ReadyOrNot\Content\Paks\mod.io\3791\mods\4761012\pakchunk99-LastResort.pak
[01:02:41:301ms][Trace][File] Finish write to D:\Games\Ready or Not\ReadyOrNot\Content\Paks\mod.io\3791\mods\4761012\pakchunk99-LastResort.pak
[01:02:41:301ms][Trace][File] Begin write of 1867 bytes to D:\Games\Ready or Not\ReadyOrNot\Content\Paks\mod.io\3791\mods\4761012\pakchunk99-LastResort.pak
[01:02:41:301ms][Trace][File] Finish write to D:\Games\Ready or Not\ReadyOrNot\Content\Paks\mod.io\3791\mods\4761012\pakchunk99-LastResort.pak
[01:02:41:301ms][Trace][File] Begin read of 65536 bytes from C:\Users\SAPTAR~1\AppData\Local\Temp\lastresort_ron_101_wreadme.zip
[01:02:41:301ms][Trace][File] Finish read from C:\Users\SAPTAR~1\AppData\Local\Temp\lastresort_ron_101_wreadme.zip
[01:02:41:317ms][Trace][File] Begin write of 65536 bytes to D:\Games\Ready or Not\ReadyOrNot\Content\Paks\mod.io\3791\mods\4761012\pakchunk99-LastResort.pak
[01:02:41:317ms][Trace][File] Finish write to D:\Games\Ready or Not\ReadyOrNot\Content\Paks\mod.io\3791\mods\4761012\pakchunk99-LastResort.pak
[01:02:41:317ms][Trace][File] Begin write of 2358 bytes to D:\Games\Ready or Not\ReadyOrNot\Content\Paks\mod.io\3791\mods\4761012\pakchunk99-LastResort.pak
[01:02:41:317ms][Trace][File] Finish write to D:\Games\Ready or Not\ReadyOrNot\Content\Paks\mod.io\3791\mods\4761012\pakchunk99-LastResort.pak
[01:02:41:317ms][Trace][File] Begin read of 65536 bytes from C:\Users\SAPTAR~1\AppData\Local\Temp\lastresort_ron_101_wreadme.zip
[01:02:41:318ms][Trace][File] Finish read from C:\Users\SAPTAR~1\AppData\Local\Temp\lastresort_ron_101_wreadme.zip
[01:02:41:318ms][Trace][File] Begin write of 65536 bytes to D:\Games\Ready or Not\ReadyOrNot\Content\Paks\mod.io\3791\mods\4761012\pakchunk99-LastResort.pak
[01:02:41:318ms][Trace][File] Finish write to D:\Games\Ready or Not\ReadyOrNot\Content\Paks\mod.io\3791\mods\4761012\pakchunk99-LastResort.pak
[01:02:41:318ms][Trace][File] Begin write of 4095 bytes to D:\Games\Ready or Not\ReadyOrNot\Content\Paks\mod.io\3791\mods\4761012\pakchunk99-LastResort.pak
[01:02:41:334ms][Trace][File] Finish write to D:\Games\Ready or Not\ReadyOrNot\Content\Paks\mod.io\3791\mods\4761012\pakchunk99-LastResort.pak
[01:02:41:334ms][Trace][File] Begin read of 65536 bytes from C:\Users\SAPTAR~1\AppData\Local\Temp\lastresort_ron_101_wreadme.zip
[01:02:41:334ms][Trace][File] Finish read from C:\Users\SAPTAR~1\AppData\Local\Temp\lastresort_ron_101_wreadme.zip
[01:02:41:350ms][Trace][File] Begin write of 65536 bytes to D:\Games\Ready or Not\ReadyOrNot\Content\Paks\mod.io\3791\mods\4761012\pakchunk99-LastResort.pak
[01:02:41:351ms][Trace][File] Finish write to D:\Games\Ready or Not\ReadyOrNot\Content\Paks\mod.io\3791\mods\4761012\pakchunk99-LastResort.pak
[01:02:41:351ms][Trace][File] Begin write of 2274 bytes to D:\Games\Ready or Not\ReadyOrNot\Content\Paks\mod.io\3791\mods\4761012\pakchunk99-LastResort.pak
[01:02:41:351ms][Trace][File] Finish write to D:\Games\Ready or Not\ReadyOrNot\Content\Paks\mod.io\3791\mods\4761012\pakchunk99-LastResort.pak
[01:02:41:351ms][Trace][File] Begin read of 65536 bytes from C:\Users\SAPTAR~1\AppData\Local\Temp\lastresort_ron_101_wreadme.zip
[01:02:41:384ms][Trace][File] Finish read from C:\Users\SAPTAR~1\AppData\Local\Temp\lastresort_ron_101_wreadme.zip
[01:02:41:384ms][Trace][File] Begin write of 65536 bytes to D:\Games\Ready or Not\ReadyOrNot\Content\Paks\mod.io\3791\mods\4761012\pakchunk99-LastResort.pak
[01:02:41:384ms][Trace][File] Finish write to D:\Games\Ready or Not\ReadyOrNot\Content\Paks\mod.io\3791\mods\4761012\pakchunk99-LastResort.pak
[01:02:41:384ms][Trace][File] Begin write of 1679 bytes to D:\Games\Ready or Not\ReadyOrNot\Content\Paks\mod.io\3791\mods\4761012\pakchunk99-LastResort.pak
[01:02:41:384ms][Trace][File] Finish write to D:\Games\Ready or Not\ReadyOrNot\Content\Paks\mod.io\3791\mods\4761012\pakchunk99-LastResort.pak
[01:02:41:384ms][Trace][File] Begin read of 65536 bytes from C:\Users\SAPTAR~1\AppData\Local\Temp\lastresort_ron_101_wreadme.zip
[01:02:41:400ms][Trace][File] Finish read from C:\Users\SAPTAR~1\AppData\Local\Temp\lastresort_ron_101_wreadme.zip
[01:02:41:401ms][Trace][File] Begin write of 65536 bytes to D:\Games\Ready or Not\ReadyOrNot\Content\Paks\mod.io\3791\mods\4761012\pakchunk99-LastResort.pak
[01:02:41:401ms][Trace][File] Finish write to D:\Games\Ready or Not\ReadyOrNot\Content\Paks\mod.io\3791\mods\4761012\pakchunk99-LastResort.pak
[01:02:41:401ms][Trace][File] Begin write of 2552 bytes to D:\Games\Ready or Not\ReadyOrNot\Content\Paks\mod.io\3791\mods\4761012\pakchunk99-LastResort.pak
[01:02:41:401ms][Trace][File] Finish write to D:\Games\Ready or Not\ReadyOrNot\Content\Paks\mod.io\3791\mods\4761012\pakchunk99-LastResort.pak
[01:02:41:401ms][Trace][File] Begin read of 65536 bytes from C:\Users\SAPTAR~1\AppData\Local\Temp\lastresort_ron_101_wreadme.zip
[01:02:41:401ms][Trace][File] Finish read from C:\Users\SAPTAR~1\AppData\Local\Temp\lastresort_ron_101_wreadme.zip
[01:02:41:417ms][Trace][File] Begin write of 65536 bytes to D:\Games\Ready or Not\ReadyOrNot\Content\Paks\mod.io\3791\mods\4761012\pakchunk99-LastResort.pak
[01:02:41:417ms][Trace][File] Finish write to D:\Games\Ready or Not\ReadyOrNot\Content\Paks\mod.io\3791\mods\4761012\pakchunk99-LastResort.pak
[01:02:41:417ms][Trace][File] Begin write of 1734 bytes to D:\Games\Ready or Not\ReadyOrNot\Content\Paks\mod.io\3791\mods\4761012\pakchunk99-LastResort.pak
[01:02:41:417ms][Trace][File] Finish write to D:\Games\Ready or Not\ReadyOrNot\Content\Paks\mod.io\3791\mods\4761012\pakchunk99-LastResort.pak
[01:02:41:417ms][Trace][File] Begin read of 65536 bytes from C:\Users\SAPTAR~1\AppData\Local\Temp\lastresort_ron_101_wreadme.zip
[01:02:41:418ms][Trace][File] Finish read from C:\Users\SAPTAR~1\AppData\Local\Temp\lastresort_ron_101_wreadme.zip
[01:02:41:434ms][Trace][File] Begin write of 65536 bytes to D:\Games\Ready or Not\ReadyOrNot\Content\Paks\mod.io\3791\mods\4761012\pakchunk99-LastResort.pak
[01:02:41:434ms][Trace][File] Finish write to D:\Games\Ready or Not\ReadyOrNot\Content\Paks\mod.io\3791\mods\4761012\pakchunk99-LastResort.pak
[01:02:41:434ms][Trace][File] Begin write of 1547 bytes to D:\Games\Ready or Not\ReadyOrNot\Content\Paks\mod.io\3791\mods\4761012\pakchunk99-LastResort.pak
[01:02:41:434ms][Trace][File] Finish write to D:\Games\Ready or Not\ReadyOrNot\Content\Paks\mod.io\3791\mods\4761012\pakchunk99-LastResort.pak
[01:02:41:434ms][Trace][File] Begin read of 65536 bytes from C:\Users\SAPTAR~1\AppData\Local\Temp\lastresort_ron_101_wreadme.zip
[01:02:41:434ms][Trace][File] Finish read from C:\Users\SAPTAR~1\AppData\Local\Temp\lastresort_ron_101_wreadme.zip
[01:02:41:450ms][Trace][File] Begin write of 65536 bytes to D:\Games\Ready or Not\ReadyOrNot\Content\Paks\mod.io\3791\mods\4761012\pakchunk99-LastResort.pak
[01:02:41:450ms][Trace][File] Finish write to D:\Games\Ready or Not\ReadyOrNot\Content\Paks\mod.io\3791\mods\4761012\pakchunk99-LastResort.pak
[01:02:41:450ms][Trace][File] Begin write of 1471 bytes to D:\Games\Ready or Not\ReadyOrNot\Content\Paks\mod.io\3791\mods\4761012\pakchunk99-LastResort.pak
[01:02:41:450ms][Trace][File] Finish write to D:\Games\Ready or Not\ReadyOrNot\Content\Paks\mod.io\3791\mods\4761012\pakchunk99-LastResort.pak
[01:02:41:450ms][Trace][File] Begin read of 65536 bytes from C:\Users\SAPTAR~1\AppData\Local\Temp\lastresort_ron_101_wreadme.zip
[01:02:41:451ms][Trace][File] Finish read from C:\Users\SAPTAR~1\AppData\Local\Temp\lastresort_ron_101_wreadme.zip
[01:02:41:467ms][Trace][File] Begin write of 65536 bytes to D:\Games\Ready or Not\ReadyOrNot\Content\Paks\mod.io\3791\mods\4761012\pakchunk99-LastResort.pak
[01:02:41:467ms][Trace][File] Finish write to D:\Games\Ready or Not\ReadyOrNot\Content\Paks\mod.io\3791\mods\4761012\pakchunk99-LastResort.pak
[01:02:41:467ms][Trace][File] Begin write of 2300 bytes to D:\Games\Ready or Not\ReadyOrNot\Content\Paks\mod.io\3791\mods\4761012\pakchunk99-LastResort.pak
[01:02:41:467ms][Trace][File] Finish write to D:\Games\Ready or Not\ReadyOrNot\Content\Paks\mod.io\3791\mods\4761012\pakchunk99-LastResort.pak
[01:02:41:467ms][Trace][File] Begin read of 65536 bytes from C:\Users\SAPTAR~1\AppData\Local\Temp\lastresort_ron_101_wreadme.zip
[01:02:41:468ms][Trace][File] Finish read from C:\Users\SAPTAR~1\AppData\Local\Temp\lastresort_ron_101_wreadme.zip
[01:02:41:468ms][Trace][File] Begin write of 65536 bytes to D:\Games\Ready or Not\ReadyOrNot\Content\Paks\mod.io\3791\mods\4761012\pakchunk99-LastResort.pak
[01:02:41:468ms][Trace][File] Finish write to D:\Games\Ready or Not\ReadyOrNot\Content\Paks\mod.io\3791\mods\4761012\pakchunk99-LastResort.pak
[01:02:41:484ms][Trace][File] Begin write of 2105 bytes to D:\Games\Ready or Not\ReadyOrNot\Content\Paks\mod.io\3791\mods\4761012\pakchunk99-LastResort.pak
[01:02:41:484ms][Trace][File] Finish write to D:\Games\Ready or Not\ReadyOrNot\Content\Paks\mod.io\3791\mods\4761012\pakchunk99-LastResort.pak
[01:02:41:484ms][Trace][File] Begin read of 65536 bytes from C:\Users\SAPTAR~1\AppData\Local\Temp\lastresort_ron_101_wreadme.zip
[01:02:41:484ms][Trace][File] Finish read from C:\Users\SAPTAR~1\AppData\Local\Temp\lastresort_ron_101_wreadme.zip
[01:02:41:500ms][Trace][File] Begin write of 65536 bytes to D:\Games\Ready or Not\ReadyOrNot\Content\Paks\mod.io\3791\mods\4761012\pakchunk99-LastResort.pak
[01:02:41:500ms][Trace][File] Finish write to D:\Games\Ready or Not\ReadyOrNot\Content\Paks\mod.io\3791\mods\4761012\pakchunk99-LastResort.pak
[01:02:41:500ms][Trace][File] Begin write of 2372 bytes to D:\Games\Ready or Not\ReadyOrNot\Content\Paks\mod.io\3791\mods\4761012\pakchunk99-LastResort.pak
[01:02:41:500ms][Trace][File] Finish write to D:\Games\Ready or Not\ReadyOrNot\Content\Paks\mod.io\3791\mods\4761012\pakchunk99-LastResort.pak
[01:02:41:500ms][Trace][File] Begin read of 65536 bytes from C:\Users\SAPTAR~1\AppData\Local\Temp\lastresort_ron_101_wreadme.zip
[01:02:41:501ms][Trace][File] Finish read from C:\Users\SAPTAR~1\AppData\Local\Temp\lastresort_ron_101_wreadme.zip
[01:02:41:517ms][Trace][File] Begin write of 65536 bytes to D:\Games\Ready or Not\ReadyOrNot\Content\Paks\mod.io\3791\mods\4761012\pakchunk99-LastResort.pak
[01:02:41:517ms][Trace][File] Finish write to D:\Games\Ready or Not\ReadyOrNot\Content\Paks\mod.io\3791\mods\4761012\pakchunk99-LastResort.pak
[01:02:41:517ms][Trace][File] Begin write of 1951 bytes to D:\Games\Ready or Not\ReadyOrNot\Content\Paks\mod.io\3791\mods\4761012\pakchunk99-LastResort.pak
[01:02:41:517ms][Trace][File] Finish write to D:\Games\Ready or Not\ReadyOrNot\Content\Paks\mod.io\3791\mods\4761012\pakchunk99-LastResort.pak
[01:02:41:517ms][Trace][File] Begin read of 65536 bytes from C:\Users\SAPTAR~1\AppData\Local\Temp\lastresort_ron_101_wreadme.zip
[01:02:41:518ms][Trace][File] Finish read from C:\Users\SAPTAR~1\AppData\Local\Temp\lastresort_ron_101_wreadme.zip
[01:02:41:534ms][Trace][File] Begin write of 65536 bytes to D:\Games\Ready or Not\ReadyOrNot\Content\Paks\mod.io\3791\mods\4761012\pakchunk99-LastResort.pak
[01:02:41:534ms][Trace][File] Finish write to D:\Games\Ready or Not\ReadyOrNot\Content\Paks\mod.io\3791\mods\4761012\pakchunk99-LastResort.pak
[01:02:41:534ms][Trace][File] Begin write of 2544 bytes to D:\Games\Ready or Not\ReadyOrNot\Content\Paks\mod.io\3791\mods\4761012\pakchunk99-LastResort.pak
[01:02:41:534ms][Trace][File] Finish write to D:\Games\Ready or Not\ReadyOrNot\Content\Paks\mod.io\3791\mods\4761012\pakchunk99-LastResort.pak
[01:02:41:534ms][Trace][File] Begin read of 65536 bytes from C:\Users\SAPTAR~1\AppData\Local\Temp\lastresort_ron_101_wreadme.zip
[01:02:41:534ms][Trace][File] Finish read from C:\Users\SAPTAR~1\AppData\Local\Temp\lastresort_ron_101_wreadme.zip
[01:02:41:535ms][Trace][File] Begin write of 65536 bytes to D:\Games\Ready or Not\ReadyOrNot\Content\Paks\mod.io\3791\mods\4761012\pakchunk99-LastResort.pak
[01:02:41:535ms][Trace][File] Finish write to D:\Games\Ready or Not\ReadyOrNot\Content\Paks\mod.io\3791\mods\4761012\pakchunk99-LastResort.pak
[01:02:41:535ms][Trace][File] Begin write of 3578 bytes to D:\Games\Ready or Not\ReadyOrNot\Content\Paks\mod.io\3791\mods\4761012\pakchunk99-LastResort.pak
[01:02:41:535ms][Trace][File] Finish write to D:\Games\Ready or Not\ReadyOrNot\Content\Paks\mod.io\3791\mods\4761012\pakchunk99-LastResort.pak
[01:02:41:550ms][Trace][File] Begin read of 65536 bytes from C:\Users\SAPTAR~1\AppData\Local\Temp\lastresort_ron_101_wreadme.zip
[01:02:41:551ms][Trace][File] Finish read from C:\Users\SAPTAR~1\AppData\Local\Temp\lastresort_ron_101_wreadme.zip
[01:02:41:551ms][Trace][File] Begin write of 65536 bytes to D:\Games\Ready or Not\ReadyOrNot\Content\Paks\mod.io\3791\mods\4761012\pakchunk99-LastResort.pak
[01:02:41:551ms][Trace][File] Finish write to D:\Games\Ready or Not\ReadyOrNot\Content\Paks\mod.io\3791\mods\4761012\pakchunk99-LastResort.pak
[01:02:41:551ms][Trace][File] Begin write of 1348 bytes to D:\Games\Ready or Not\ReadyOrNot\Content\Paks\mod.io\3791\mods\4761012\pakchunk99-LastResort.pak
[01:02:41:551ms][Trace][File] Finish write to D:\Games\Ready or Not\ReadyOrNot\Content\Paks\mod.io\3791\mods\4761012\pakchunk99-LastResort.pak
[01:02:41:551ms][Trace][File] Begin read of 65536 bytes from C:\Users\SAPTAR~1\AppData\Local\Temp\lastresort_ron_101_wreadme.zip
[01:02:41:567ms][Trace][File] Finish read from C:\Users\SAPTAR~1\AppData\Local\Temp\lastresort_ron_101_wreadme.zip
[01:02:41:567ms][Trace][File] Begin write of 65536 bytes to D:\Games\Ready or Not\ReadyOrNot\Content\Paks\mod.io\3791\mods\4761012\pakchunk99-LastResort.pak
[01:02:41:567ms][Trace][File] Finish write to D:\Games\Ready or Not\ReadyOrNot\Content\Paks\mod.io\3791\mods\4761012\pakchunk99-LastResort.pak
[01:02:41:567ms][Trace][File] Begin write of 1771 bytes to D:\Games\Ready or Not\ReadyOrNot\Content\Paks\mod.io\3791\mods\4761012\pakchunk99-LastResort.pak
[01:02:41:567ms][Trace][File] Finish write to D:\Games\Ready or Not\ReadyOrNot\Content\Paks\mod.io\3791\mods\4761012\pakchunk99-LastResort.pak
[01:02:41:568ms][Trace][File] Begin read of 65536 bytes from C:\Users\SAPTAR~1\AppData\Local\Temp\lastresort_ron_101_wreadme.zip
[01:02:41:568ms][Trace][File] Finish read from C:\Users\SAPTAR~1\AppData\Local\Temp\lastresort_ron_101_wreadme.zip
[01:02:41:584ms][Trace][File] Begin write of 65536 bytes to D:\Games\Ready or Not\ReadyOrNot\Content\Paks\mod.io\3791\mods\4761012\pakchunk99-LastResort.pak
[01:02:41:584ms][Trace][File] Finish write to D:\Games\Ready or Not\ReadyOrNot\Content\Paks\mod.io\3791\mods\4761012\pakchunk99-LastResort.pak
[01:02:41:584ms][Trace][File] Begin write of 2427 bytes to D:\Games\Ready or Not\ReadyOrNot\Content\Paks\mod.io\3791\mods\4761012\pakchunk99-LastResort.pak
[01:02:41:584ms][Trace][File] Finish write to D:\Games\Ready or Not\ReadyOrNot\Content\Paks\mod.io\3791\mods\4761012\pakchunk99-LastResort.pak
[01:02:41:584ms][Trace][File] Begin read of 65536 bytes from C:\Users\SAPTAR~1\AppData\Local\Temp\lastresort_ron_101_wreadme.zip
[01:02:41:584ms][Trace][File] Finish read from C:\Users\SAPTAR~1\AppData\Local\Temp\lastresort_ron_101_wreadme.zip
[01:02:41:585ms][Trace][File] Begin write of 65536 bytes to D:\Games\Ready or Not\ReadyOrNot\Content\Paks\mod.io\3791\mods\4761012\pakchunk99-LastResort.pak
[01:02:41:585ms][Trace][File] Finish write to D:\Games\Ready or Not\ReadyOrNot\Content\Paks\mod.io\3791\mods\4761012\pakchunk99-LastResort.pak
[01:02:41:585ms][Trace][File] Begin write of 1246 bytes to D:\Games\Ready or Not\ReadyOrNot\Content\Paks\mod.io\3791\mods\4761012\pakchunk99-LastResort.pak
[01:02:41:585ms][Trace][File] Finish write to D:\Games\Ready or Not\ReadyOrNot\Content\Paks\mod.io\3791\mods\4761012\pakchunk99-LastResort.pak
[01:02:41:600ms][Trace][File] Begin read of 65536 bytes from C:\Users\SAPTAR~1\AppData\Local\Temp\lastresort_ron_101_wreadme.zip
[01:02:41:601ms][Trace][File] Finish read from C:\Users\SAPTAR~1\AppData\Local\Temp\lastresort_ron_101_wreadme.zip
[01:02:41:601ms][Trace][File] Begin write of 65536 bytes to D:\Games\Ready or Not\ReadyOrNot\Content\Paks\mod.io\3791\mods\4761012\pakchunk99-LastResort.pak
[01:02:41:601ms][Trace][File] Finish write to D:\Games\Ready or Not\ReadyOrNot\Content\Paks\mod.io\3791\mods\4761012\pakchunk99-LastResort.pak
[01:02:41:601ms][Trace][File] Begin write of 3346 bytes to D:\Games\Ready or Not\ReadyOrNot\Content\Paks\mod.io\3791\mods\4761012\pakchunk99-LastResort.pak
[01:02:41:601ms][Trace][File] Finish write to D:\Games\Ready or Not\ReadyOrNot\Content\Paks\mod.io\3791\mods\4761012\pakchunk99-LastResort.pak
[01:02:41:601ms][Trace][File] Begin read of 65536 bytes from C:\Users\SAPTAR~1\AppData\Local\Temp\lastresort_ron_101_wreadme.zip
[01:02:41:617ms][Trace][File] Finish read from C:\Users\SAPTAR~1\AppData\Local\Temp\lastresort_ron_101_wreadme.zip
[01:02:41:617ms][Trace][File] Begin write of 65536 bytes to D:\Games\Ready or Not\ReadyOrNot\Content\Paks\mod.io\3791\mods\4761012\pakchunk99-LastResort.pak
[01:02:41:617ms][Trace][File] Finish write to D:\Games\Ready or Not\ReadyOrNot\Content\Paks\mod.io\3791\mods\4761012\pakchunk99-LastResort.pak
[01:02:41:617ms][Trace][File] Begin write of 1821 bytes to D:\Games\Ready or Not\ReadyOrNot\Content\Paks\mod.io\3791\mods\4761012\pakchunk99-LastResort.pak
[01:02:41:617ms][Trace][File] Finish write to D:\Games\Ready or Not\ReadyOrNot\Content\Paks\mod.io\3791\mods\4761012\pakchunk99-LastResort.pak
[01:02:41:617ms][Trace][File] Begin read of 65536 bytes from C:\Users\SAPTAR~1\AppData\Local\Temp\lastresort_ron_101_wreadme.zip
[01:02:41:634ms][Trace][File] Finish read from C:\Users\SAPTAR~1\AppData\Local\Temp\lastresort_ron_101_wreadme.zip
[01:02:41:634ms][Trace][File] Begin write of 65536 bytes to D:\Games\Ready or Not\ReadyOrNot\Content\Paks\mod.io\3791\mods\4761012\pakchunk99-LastResort.pak
[01:02:41:634ms][Trace][File] Finish write to D:\Games\Ready or Not\ReadyOrNot\Content\Paks\mod.io\3791\mods\4761012\pakchunk99-LastResort.pak
[01:02:41:634ms][Trace][File] Begin write of 813 bytes to D:\Games\Ready or Not\ReadyOrNot\Content\Paks\mod.io\3791\mods\4761012\pakchunk99-LastResort.pak
[01:02:41:634ms][Trace][File] Finish write to D:\Games\Ready or Not\ReadyOrNot\Content\Paks\mod.io\3791\mods\4761012\pakchunk99-LastResort.pak
[01:02:41:634ms][Trace][File] Begin read of 65536 bytes from C:\Users\SAPTAR~1\AppData\Local\Temp\lastresort_ron_101_wreadme.zip
[01:02:41:635ms][Trace][File] Finish read from C:\Users\SAPTAR~1\AppData\Local\Temp\lastresort_ron_101_wreadme.zip
[01:02:41:650ms][Trace][File] Begin write of 65536 bytes to D:\Games\Ready or Not\ReadyOrNot\Content\Paks\mod.io\3791\mods\4761012\pakchunk99-LastResort.pak
[01:02:41:650ms][Trace][File] Finish write to D:\Games\Ready or Not\ReadyOrNot\Content\Paks\mod.io\3791\mods\4761012\pakchunk99-LastResort.pak
[01:02:41:650ms][Trace][File] Begin write of 449 bytes to D:\Games\Ready or Not\ReadyOrNot\Content\Paks\mod.io\3791\mods\4761012\pakchunk99-LastResort.pak
[01:02:41:650ms][Trace][File] Finish write to D:\Games\Ready or Not\ReadyOrNot\Content\Paks\mod.io\3791\mods\4761012\pakchunk99-LastResort.pak
[01:02:41:650ms][Trace][File] Begin read of 65536 bytes from C:\Users\SAPTAR~1\AppData\Local\Temp\lastresort_ron_101_wreadme.zip
[01:02:41:651ms][Trace][File] Finish read from C:\Users\SAPTAR~1\AppData\Local\Temp\lastresort_ron_101_wreadme.zip
[01:02:41:651ms][Trace][File] Begin write of 65536 bytes to D:\Games\Ready or Not\ReadyOrNot\Content\Paks\mod.io\3791\mods\4761012\pakchunk99-LastResort.pak
[01:02:41:651ms][Trace][File] Finish write to D:\Games\Ready or Not\ReadyOrNot\Content\Paks\mod.io\3791\mods\4761012\pakchunk99-LastResort.pak
[01:02:41:651ms][Trace][File] Begin write of 5436 bytes to D:\Games\Ready or Not\ReadyOrNot\Content\Paks\mod.io\3791\mods\4761012\pakchunk99-LastResort.pak
[01:02:41:651ms][Trace][File] Finish write to D:\Games\Ready or Not\ReadyOrNot\Content\Paks\mod.io\3791\mods\4761012\pakchunk99-LastResort.pak
[01:02:41:651ms][Trace][File] Begin read of 65536 bytes from C:\Users\SAPTAR~1\AppData\Local\Temp\lastresort_ron_101_wreadme.zip
[01:02:41:667ms][Trace][File] Finish read from C:\Users\SAPTAR~1\AppData\Local\Temp\lastresort_ron_101_wreadme.zip
[01:02:41:667ms][Trace][File] Begin write of 65536 bytes to D:\Games\Ready or Not\ReadyOrNot\Content\Paks\mod.io\3791\mods\4761012\pakchunk99-LastResort.pak
[01:02:41:667ms][Trace][File] Finish write to D:\Games\Ready or Not\ReadyOrNot\Content\Paks\mod.io\3791\mods\4761012\pakchunk99-LastResort.pak
[01:02:41:667ms][Trace][File] Begin write of 1518 bytes to D:\Games\Ready or Not\ReadyOrNot\Content\Paks\mod.io\3791\mods\4761012\pakchunk99-LastResort.pak
[01:02:41:667ms][Trace][File] Finish write to D:\Games\Ready or Not\ReadyOrNot\Content\Paks\mod.io\3791\mods\4761012\pakchunk99-LastResort.pak
[01:02:41:667ms][Trace][File] Begin read of 65536 bytes from C:\Users\SAPTAR~1\AppData\Local\Temp\lastresort_ron_101_wreadme.zip
[01:02:41:684ms][Trace][File] Finish read from C:\Users\SAPTAR~1\AppData\Local\Temp\lastresort_ron_101_wreadme.zip
[01:02:41:684ms][Trace][File] Begin write of 65536 bytes to D:\Games\Ready or Not\ReadyOrNot\Content\Paks\mod.io\3791\mods\4761012\pakchunk99-LastResort.pak
[01:02:41:684ms][Trace][File] Finish write to D:\Games\Ready or Not\ReadyOrNot\Content\Paks\mod.io\3791\mods\4761012\pakchunk99-LastResort.pak
[01:02:41:684ms][Trace][File] Begin write of 1560 bytes to D:\Games\Ready or Not\ReadyOrNot\Content\Paks\mod.io\3791\mods\4761012\pakchunk99-LastResort.pak
[01:02:41:684ms][Trace][File] Finish write to D:\Games\Ready or Not\ReadyOrNot\Content\Paks\mod.io\3791\mods\4761012\pakchunk99-LastResort.pak
[01:02:41:684ms][Trace][File] Begin read of 65536 bytes from C:\Users\SAPTAR~1\AppData\Local\Temp\lastresort_ron_101_wreadme.zip
[01:02:41:700ms][Trace][File] Finish read from C:\Users\SAPTAR~1\AppData\Local\Temp\lastresort_ron_101_wreadme.zip
[01:02:41:701ms][Trace][File] Begin write of 65536 bytes to D:\Games\Ready or Not\ReadyOrNot\Content\Paks\mod.io\3791\mods\4761012\pakchunk99-LastResort.pak
[01:02:41:701ms][Trace][File] Finish write to D:\Games\Ready or Not\ReadyOrNot\Content\Paks\mod.io\3791\mods\4761012\pakchunk99-LastResort.pak
[01:02:41:701ms][Trace][File] Begin write of 1591 bytes to D:\Games\Ready or Not\ReadyOrNot\Content\Paks\mod.io\3791\mods\4761012\pakchunk99-LastResort.pak
[01:02:41:701ms][Trace][File] Finish write to D:\Games\Ready or Not\ReadyOrNot\Content\Paks\mod.io\3791\mods\4761012\pakchunk99-LastResort.pak
[01:02:41:701ms][Trace][File] Begin read of 65536 bytes from C:\Users\SAPTAR~1\AppData\Local\Temp\lastresort_ron_101_wreadme.zip
[01:02:41:701ms][Trace][File] Finish read from C:\Users\SAPTAR~1\AppData\Local\Temp\lastresort_ron_101_wreadme.zip
[01:02:41:717ms][Trace][File] Begin write of 65536 bytes to D:\Games\Ready or Not\ReadyOrNot\Content\Paks\mod.io\3791\mods\4761012\pakchunk99-LastResort.pak
[01:02:41:717ms][Trace][File] Finish write to D:\Games\Ready or Not\ReadyOrNot\Content\Paks\mod.io\3791\mods\4761012\pakchunk99-LastResort.pak
[01:02:41:717ms][Trace][File] Begin write of 2178 bytes to D:\Games\Ready or Not\ReadyOrNot\Content\Paks\mod.io\3791\mods\4761012\pakchunk99-LastResort.pak
[01:02:41:717ms][Trace][File] Finish write to D:\Games\Ready or Not\ReadyOrNot\Content\Paks\mod.io\3791\mods\4761012\pakchunk99-LastResort.pak
[01:02:41:717ms][Trace][File] Begin read of 65536 bytes from C:\Users\SAPTAR~1\AppData\Local\Temp\lastresort_ron_101_wreadme.zip
[01:02:41:718ms][Trace][File] Finish read from C:\Users\SAPTAR~1\AppData\Local\Temp\lastresort_ron_101_wreadme.zip
[01:02:41:734ms][Trace][File] Begin write of 65536 bytes to D:\Games\Ready or Not\ReadyOrNot\Content\Paks\mod.io\3791\mods\4761012\pakchunk99-LastResort.pak
[01:02:41:734ms][Trace][File] Finish write to D:\Games\Ready or Not\ReadyOrNot\Content\Paks\mod.io\3791\mods\4761012\pakchunk99-LastResort.pak
[01:02:41:734ms][Trace][File] Begin write of 1560 bytes to D:\Games\Ready or Not\ReadyOrNot\Content\Paks\mod.io\3791\mods\4761012\pakchunk99-LastResort.pak
[01:02:41:734ms][Trace][File] Finish write to D:\Games\Ready or Not\ReadyOrNot\Content\Paks\mod.io\3791\mods\4761012\pakchunk99-LastResort.pak
[01:02:41:734ms][Trace][File] Begin read of 65536 bytes from C:\Users\SAPTAR~1\AppData\Local\Temp\lastresort_ron_101_wreadme.zip
[01:02:41:735ms][Trace][File] Finish read from C:\Users\SAPTAR~1\AppData\Local\Temp\lastresort_ron_101_wreadme.zip
[01:02:41:735ms][Trace][File] Begin write of 65536 bytes to D:\Games\Ready or Not\ReadyOrNot\Content\Paks\mod.io\3791\mods\4761012\pakchunk99-LastResort.pak
[01:02:41:735ms][Trace][File] Finish write to D:\Games\Ready or Not\ReadyOrNot\Content\Paks\mod.io\3791\mods\4761012\pakchunk99-LastResort.pak
[01:02:41:735ms][Trace][File] Begin write of 2520 bytes to D:\Games\Ready or Not\ReadyOrNot\Content\Paks\mod.io\3791\mods\4761012\pakchunk99-LastResort.pak
[01:02:41:735ms][Trace][File] Finish write to D:\Games\Ready or Not\ReadyOrNot\Content\Paks\mod.io\3791\mods\4761012\pakchunk99-LastResort.pak
[01:02:41:735ms][Trace][File] Begin read of 65536 bytes from C:\Users\SAPTAR~1\AppData\Local\Temp\lastresort_ron_101_wreadme.zip
[01:02:41:750ms][Trace][File] Finish read from C:\Users\SAPTAR~1\AppData\Local\Temp\lastresort_ron_101_wreadme.zip
[01:02:41:751ms][Trace][File] Begin write of 65536 bytes to D:\Games\Ready or Not\ReadyOrNot\Content\Paks\mod.io\3791\mods\4761012\pakchunk99-LastResort.pak
[01:02:41:751ms][Trace][File] Finish write to D:\Games\Ready or Not\ReadyOrNot\Content\Paks\mod.io\3791\mods\4761012\pakchunk99-LastResort.pak
[01:02:41:751ms][Trace][File] Begin write of 2210 bytes to D:\Games\Ready or Not\ReadyOrNot\Content\Paks\mod.io\3791\mods\4761012\pakchunk99-LastResort.pak
[01:02:41:751ms][Trace][File] Finish write to D:\Games\Ready or Not\ReadyOrNot\Content\Paks\mod.io\3791\mods\4761012\pakchunk99-LastResort.pak
[01:02:41:751ms][Trace][File] Begin read of 65536 bytes from C:\Users\SAPTAR~1\AppData\Local\Temp\lastresort_ron_101_wreadme.zip
[01:02:41:751ms][Trace][File] Finish read from C:\Users\SAPTAR~1\AppData\Local\Temp\lastresort_ron_101_wreadme.zip
[01:02:41:767ms][Trace][File] Begin write of 65536 bytes to D:\Games\Ready or Not\ReadyOrNot\Content\Paks\mod.io\3791\mods\4761012\pakchunk99-LastResort.pak
[01:02:41:767ms][Trace][File] Finish write to D:\Games\Ready or Not\ReadyOrNot\Content\Paks\mod.io\3791\mods\4761012\pakchunk99-LastResort.pak
[01:02:41:767ms][Trace][File] Begin write of 1703 bytes to D:\Games\Ready or Not\ReadyOrNot\Content\Paks\mod.io\3791\mods\4761012\pakchunk99-LastResort.pak
[01:02:41:767ms][Trace][File] Finish write to D:\Games\Ready or Not\ReadyOrNot\Content\Paks\mod.io\3791\mods\4761012\pakchunk99-LastResort.pak
[01:02:41:767ms][Trace][File] Begin read of 65536 bytes from C:\Users\SAPTAR~1\AppData\Local\Temp\lastresort_ron_101_wreadme.zip
[01:02:41:768ms][Trace][File] Finish read from C:\Users\SAPTAR~1\AppData\Local\Temp\lastresort_ron_101_wreadme.zip
[01:02:41:784ms][Trace][File] Begin write of 65536 bytes to D:\Games\Ready or Not\ReadyOrNot\Content\Paks\mod.io\3791\mods\4761012\pakchunk99-LastResort.pak
[01:02:41:784ms][Trace][File] Finish write to D:\Games\Ready or Not\ReadyOrNot\Content\Paks\mod.io\3791\mods\4761012\pakchunk99-LastResort.pak
[01:02:41:784ms][Trace][File] Begin write of 4251 bytes to D:\Games\Ready or Not\ReadyOrNot\Content\Paks\mod.io\3791\mods\4761012\pakchunk99-LastResort.pak
[01:02:41:784ms][Trace][File] Finish write to D:\Games\Ready or Not\ReadyOrNot\Content\Paks\mod.io\3791\mods\4761012\pakchunk99-LastResort.pak
[01:02:41:784ms][Trace][File] Begin read of 65536 bytes from C:\Users\SAPTAR~1\AppData\Local\Temp\lastresort_ron_101_wreadme.zip
[01:02:41:784ms][Trace][File] Finish read from C:\Users\SAPTAR~1\AppData\Local\Temp\lastresort_ron_101_wreadme.zip
[01:02:41:785ms][Trace][File] Begin write of 65536 bytes to D:\Games\Ready or Not\ReadyOrNot\Content\Paks\mod.io\3791\mods\4761012\pakchunk99-LastResort.pak
[01:02:41:815ms][Trace][File] Finish write to D:\Games\Ready or Not\ReadyOrNot\Content\Paks\mod.io\3791\mods\4761012\pakchunk99-LastResort.pak
[01:02:41:815ms][Trace][File] Begin write of 2141 bytes to D:\Games\Ready or Not\ReadyOrNot\Content\Paks\mod.io\3791\mods\4761012\pakchunk99-LastResort.pak
[01:02:41:815ms][Trace][File] Finish write to D:\Games\Ready or Not\ReadyOrNot\Content\Paks\mod.io\3791\mods\4761012\pakchunk99-LastResort.pak
[01:02:41:815ms][Trace][File] Begin read of 65536 bytes from C:\Users\SAPTAR~1\AppData\Local\Temp\lastresort_ron_101_wreadme.zip
[01:02:41:816ms][Trace][File] Finish read from C:\Users\SAPTAR~1\AppData\Local\Temp\lastresort_ron_101_wreadme.zip
[01:02:41:816ms][Trace][File] Begin write of 65536 bytes to D:\Games\Ready or Not\ReadyOrNot\Content\Paks\mod.io\3791\mods\4761012\pakchunk99-LastResort.pak
[01:02:41:816ms][Trace][File] Finish write to D:\Games\Ready or Not\ReadyOrNot\Content\Paks\mod.io\3791\mods\4761012\pakchunk99-LastResort.pak
[01:02:41:816ms][Trace][File] Begin write of 1584 bytes to D:\Games\Ready or Not\ReadyOrNot\Content\Paks\mod.io\3791\mods\4761012\pakchunk99-LastResort.pak
[01:02:41:816ms][Trace][File] Finish write to D:\Games\Ready or Not\ReadyOrNot\Content\Paks\mod.io\3791\mods\4761012\pakchunk99-LastResort.pak
[01:02:41:816ms][Trace][File] Begin read of 65536 bytes from C:\Users\SAPTAR~1\AppData\Local\Temp\lastresort_ron_101_wreadme.zip
[01:02:41:824ms][Trace][File] Finish read from C:\Users\SAPTAR~1\AppData\Local\Temp\lastresort_ron_101_wreadme.zip
[01:02:41:825ms][Trace][File] Begin write of 65536 bytes to D:\Games\Ready or Not\ReadyOrNot\Content\Paks\mod.io\3791\mods\4761012\pakchunk99-LastResort.pak
[01:02:41:825ms][Trace][File] Finish write to D:\Games\Ready or Not\ReadyOrNot\Content\Paks\mod.io\3791\mods\4761012\pakchunk99-LastResort.pak
[01:02:41:825ms][Trace][File] Begin write of 2558 bytes to D:\Games\Ready or Not\ReadyOrNot\Content\Paks\mod.io\3791\mods\4761012\pakchunk99-LastResort.pak
[01:02:41:825ms][Trace][File] Finish write to D:\Games\Ready or Not\ReadyOrNot\Content\Paks\mod.io\3791\mods\4761012\pakchunk99-LastResort.pak
[01:02:41:825ms][Trace][File] Begin read of 65536 bytes from C:\Users\SAPTAR~1\AppData\Local\Temp\lastresort_ron_101_wreadme.zip
[01:02:41:825ms][Trace][File] Finish read from C:\Users\SAPTAR~1\AppData\Local\Temp\lastresort_ron_101_wreadme.zip
[01:02:41:840ms][Trace][File] Begin write of 65536 bytes to D:\Games\Ready or Not\ReadyOrNot\Content\Paks\mod.io\3791\mods\4761012\pakchunk99-LastResort.pak
[01:02:41:840ms][Trace][File] Finish write to D:\Games\Ready or Not\ReadyOrNot\Content\Paks\mod.io\3791\mods\4761012\pakchunk99-LastResort.pak
[01:02:41:840ms][Trace][File] Begin write of 1748 bytes to D:\Games\Ready or Not\ReadyOrNot\Content\Paks\mod.io\3791\mods\4761012\pakchunk99-LastResort.pak
[01:02:41:840ms][Trace][File] Finish write to D:\Games\Ready or Not\ReadyOrNot\Content\Paks\mod.io\3791\mods\4761012\pakchunk99-LastResort.pak
[01:02:41:840ms][Trace][File] Begin read of 65536 bytes from C:\Users\SAPTAR~1\AppData\Local\Temp\lastresort_ron_101_wreadme.zip
[01:02:41:841ms][Trace][File] Finish read from C:\Users\SAPTAR~1\AppData\Local\Temp\lastresort_ron_101_wreadme.zip
[01:02:41:857ms][Trace][File] Begin write of 65536 bytes to D:\Games\Ready or Not\ReadyOrNot\Content\Paks\mod.io\3791\mods\4761012\pakchunk99-LastResort.pak
[01:02:41:857ms][Trace][File] Finish write to D:\Games\Ready or Not\ReadyOrNot\Content\Paks\mod.io\3791\mods\4761012\pakchunk99-LastResort.pak
[01:02:41:874ms][Trace][File] Begin write of 1814 bytes to D:\Games\Ready or Not\ReadyOrNot\Content\Paks\mod.io\3791\mods\4761012\pakchunk99-LastResort.pak
[01:02:41:874ms][Trace][File] Finish write to D:\Games\Ready or Not\ReadyOrNot\Content\Paks\mod.io\3791\mods\4761012\pakchunk99-LastResort.pak
[01:02:41:874ms][Trace][File] Begin read of 65536 bytes from C:\Users\SAPTAR~1\AppData\Local\Temp\lastresort_ron_101_wreadme.zip
[01:02:41:875ms][Trace][File] Finish read from C:\Users\SAPTAR~1\AppData\Local\Temp\lastresort_ron_101_wreadme.zip
[01:02:41:890ms][Trace][File] Begin write of 65536 bytes to D:\Games\Ready or Not\ReadyOrNot\Content\Paks\mod.io\3791\mods\4761012\pakchunk99-LastResort.pak
[01:02:41:890ms][Trace][File] Finish write to D:\Games\Ready or Not\ReadyOrNot\Content\Paks\mod.io\3791\mods\4761012\pakchunk99-LastResort.pak
[01:02:41:890ms][Trace][File] Begin write of 1544 bytes to D:\Games\Ready or Not\ReadyOrNot\Content\Paks\mod.io\3791\mods\4761012\pakchunk99-LastResort.pak
[01:02:41:890ms][Trace][File] Finish write to D:\Games\Ready or Not\ReadyOrNot\Content\Paks\mod.io\3791\mods\4761012\pakchunk99-LastResort.pak
[01:02:41:890ms][Trace][File] Begin read of 65536 bytes from C:\Users\SAPTAR~1\AppData\Local\Temp\lastresort_ron_101_wreadme.zip
[01:02:41:891ms][Trace][File] Finish read from C:\Users\SAPTAR~1\AppData\Local\Temp\lastresort_ron_101_wreadme.zip
[01:02:41:907ms][Trace][File] Begin write of 65536 bytes to D:\Games\Ready or Not\ReadyOrNot\Content\Paks\mod.io\3791\mods\4761012\pakchunk99-LastResort.pak
[01:02:41:907ms][Trace][File] Finish write to D:\Games\Ready or Not\ReadyOrNot\Content\Paks\mod.io\3791\mods\4761012\pakchunk99-LastResort.pak
[01:02:41:907ms][Trace][File] Begin write of 2101 bytes to D:\Games\Ready or Not\ReadyOrNot\Content\Paks\mod.io\3791\mods\4761012\pakchunk99-LastResort.pak
[01:02:41:907ms][Trace][File] Finish write to D:\Games\Ready or Not\ReadyOrNot\Content\Paks\mod.io\3791\mods\4761012\pakchunk99-LastResort.pak
[01:02:41:907ms][Trace][File] Begin read of 65536 bytes from C:\Users\SAPTAR~1\AppData\Local\Temp\lastresort_ron_101_wreadme.zip
[01:02:41:908ms][Trace][File] Finish read from C:\Users\SAPTAR~1\AppData\Local\Temp\lastresort_ron_101_wreadme.zip
[01:02:41:923ms][Trace][File] Begin write of 65536 bytes to D:\Games\Ready or Not\ReadyOrNot\Content\Paks\mod.io\3791\mods\4761012\pakchunk99-LastResort.pak
[01:02:41:924ms][Trace][File] Finish write to D:\Games\Ready or Not\ReadyOrNot\Content\Paks\mod.io\3791\mods\4761012\pakchunk99-LastResort.pak
[01:02:41:924ms][Trace][File] Begin write of 2243 bytes to D:\Games\Ready or Not\ReadyOrNot\Content\Paks\mod.io\3791\mods\4761012\pakchunk99-LastResort.pak
[01:02:41:924ms][Trace][File] Finish write to D:\Games\Ready or Not\ReadyOrNot\Content\Paks\mod.io\3791\mods\4761012\pakchunk99-LastResort.pak
[01:02:41:924ms][Trace][File] Begin read of 65536 bytes from C:\Users\SAPTAR~1\AppData\Local\Temp\lastresort_ron_101_wreadme.zip
[01:02:41:940ms][Trace][File] Finish read from C:\Users\SAPTAR~1\AppData\Local\Temp\lastresort_ron_101_wreadme.zip
[01:02:41:941ms][Trace][File] Begin write of 65536 bytes to D:\Games\Ready or Not\ReadyOrNot\Content\Paks\mod.io\3791\mods\4761012\pakchunk99-LastResort.pak
[01:02:41:941ms][Trace][File] Finish write to D:\Games\Ready or Not\ReadyOrNot\Content\Paks\mod.io\3791\mods\4761012\pakchunk99-LastResort.pak
[01:02:41:941ms][Trace][File] Begin write of 2310 bytes to D:\Games\Ready or Not\ReadyOrNot\Content\Paks\mod.io\3791\mods\4761012\pakchunk99-LastResort.pak
[01:02:41:941ms][Trace][File] Finish write to D:\Games\Ready or Not\ReadyOrNot\Content\Paks\mod.io\3791\mods\4761012\pakchunk99-LastResort.pak
[01:02:41:941ms][Trace][File] Begin read of 65536 bytes from C:\Users\SAPTAR~1\AppData\Local\Temp\lastresort_ron_101_wreadme.zip
[01:02:41:957ms][Trace][File] Finish read from C:\Users\SAPTAR~1\AppData\Local\Temp\lastresort_ron_101_wreadme.zip
[01:02:41:958ms][Trace][File] Begin write of 65536 bytes to D:\Games\Ready or Not\ReadyOrNot\Content\Paks\mod.io\3791\mods\4761012\pakchunk99-LastResort.pak
[01:02:41:958ms][Trace][File] Finish write to D:\Games\Ready or Not\ReadyOrNot\Content\Paks\mod.io\3791\mods\4761012\pakchunk99-LastResort.pak
[01:02:41:958ms][Trace][File] Begin write of 1765 bytes to D:\Games\Ready or Not\ReadyOrNot\Content\Paks\mod.io\3791\mods\4761012\pakchunk99-LastResort.pak
[01:02:41:958ms][Trace][File] Finish write to D:\Games\Ready or Not\ReadyOrNot\Content\Paks\mod.io\3791\mods\4761012\pakchunk99-LastResort.pak
[01:02:41:958ms][Trace][File] Begin read of 65536 bytes from C:\Users\SAPTAR~1\AppData\Local\Temp\lastresort_ron_101_wreadme.zip
[01:02:41:974ms][Trace][File] Finish read from C:\Users\SAPTAR~1\AppData\Local\Temp\lastresort_ron_101_wreadme.zip
[01:02:41:974ms][Trace][File] Begin write of 65536 bytes to D:\Games\Ready or Not\ReadyOrNot\Content\Paks\mod.io\3791\mods\4761012\pakchunk99-LastResort.pak
[01:02:41:975ms][Trace][File] Finish write to D:\Games\Ready or Not\ReadyOrNot\Content\Paks\mod.io\3791\mods\4761012\pakchunk99-LastResort.pak
[01:02:41:975ms][Trace][File] Begin write of 2618 bytes to D:\Games\Ready or Not\ReadyOrNot\Content\Paks\mod.io\3791\mods\4761012\pakchunk99-LastResort.pak
[01:02:41:975ms][Trace][File] Finish write to D:\Games\Ready or Not\ReadyOrNot\Content\Paks\mod.io\3791\mods\4761012\pakchunk99-LastResort.pak
[01:02:41:975ms][Trace][File] Begin read of 65536 bytes from C:\Users\SAPTAR~1\AppData\Local\Temp\lastresort_ron_101_wreadme.zip
[01:02:41:990ms][Trace][File] Finish read from C:\Users\SAPTAR~1\AppData\Local\Temp\lastresort_ron_101_wreadme.zip
[01:02:41:991ms][Trace][File] Begin write of 65536 bytes to D:\Games\Ready or Not\ReadyOrNot\Content\Paks\mod.io\3791\mods\4761012\pakchunk99-LastResort.pak
[01:02:41:991ms][Trace][File] Finish write to D:\Games\Ready or Not\ReadyOrNot\Content\Paks\mod.io\3791\mods\4761012\pakchunk99-LastResort.pak
[01:02:41:991ms][Trace][File] Begin write of 3301 bytes to D:\Games\Ready or Not\ReadyOrNot\Content\Paks\mod.io\3791\mods\4761012\pakchunk99-LastResort.pak
[01:02:41:991ms][Trace][File] Finish write to D:\Games\Ready or Not\ReadyOrNot\Content\Paks\mod.io\3791\mods\4761012\pakchunk99-LastResort.pak
[01:02:41:991ms][Trace][File] Begin read of 65536 bytes from C:\Users\SAPTAR~1\AppData\Local\Temp\lastresort_ron_101_wreadme.zip
[01:02:42:7ms][Trace][File] Finish read from C:\Users\SAPTAR~1\AppData\Local\Temp\lastresort_ron_101_wreadme.zip
[01:02:42:7ms][Trace][File] Begin write of 65536 bytes to D:\Games\Ready or Not\ReadyOrNot\Content\Paks\mod.io\3791\mods\4761012\pakchunk99-LastResort.pak
[01:02:42:8ms][Trace][File] Finish write to D:\Games\Ready or Not\ReadyOrNot\Content\Paks\mod.io\3791\mods\4761012\pakchunk99-LastResort.pak
[01:02:42:24ms][Trace][File] Begin write of 1490 bytes to D:\Games\Ready or Not\ReadyOrNot\Content\Paks\mod.io\3791\mods\4761012\pakchunk99-LastResort.pak
[01:02:42:24ms][Trace][File] Finish write to D:\Games\Ready or Not\ReadyOrNot\Content\Paks\mod.io\3791\mods\4761012\pakchunk99-LastResort.pak
[01:02:42:24ms][Trace][File] Begin read of 65536 bytes from C:\Users\SAPTAR~1\AppData\Local\Temp\lastresort_ron_101_wreadme.zip
[01:02:42:25ms][Trace][File] Finish read from C:\Users\SAPTAR~1\AppData\Local\Temp\lastresort_ron_101_wreadme.zip
[01:02:42:40ms][Trace][File] Begin write of 65536 bytes to D:\Games\Ready or Not\ReadyOrNot\Content\Paks\mod.io\3791\mods\4761012\pakchunk99-LastResort.pak
[01:02:42:40ms][Trace][File] Finish write to D:\Games\Ready or Not\ReadyOrNot\Content\Paks\mod.io\3791\mods\4761012\pakchunk99-LastResort.pak
[01:02:42:40ms][Trace][File] Begin write of 2514 bytes to D:\Games\Ready or Not\ReadyOrNot\Content\Paks\mod.io\3791\mods\4761012\pakchunk99-LastResort.pak
[01:02:42:40ms][Trace][File] Finish write to D:\Games\Ready or Not\ReadyOrNot\Content\Paks\mod.io\3791\mods\4761012\pakchunk99-LastResort.pak
[01:02:42:40ms][Trace][File] Begin read of 65536 bytes from C:\Users\SAPTAR~1\AppData\Local\Temp\lastresort_ron_101_wreadme.zip
[01:02:42:41ms][Trace][File] Finish read from C:\Users\SAPTAR~1\AppData\Local\Temp\lastresort_ron_101_wreadme.zip
[01:02:42:57ms][Trace][File] Begin write of 65536 bytes to D:\Games\Ready or Not\ReadyOrNot\Content\Paks\mod.io\3791\mods\4761012\pakchunk99-LastResort.pak
[01:02:42:57ms][Trace][File] Finish write to D:\Games\Ready or Not\ReadyOrNot\Content\Paks\mod.io\3791\mods\4761012\pakchunk99-LastResort.pak
[01:02:42:57ms][Trace][File] Begin write of 1631 bytes to D:\Games\Ready or Not\ReadyOrNot\Content\Paks\mod.io\3791\mods\4761012\pakchunk99-LastResort.pak
[01:02:42:57ms][Trace][File] Finish write to D:\Games\Ready or Not\ReadyOrNot\Content\Paks\mod.io\3791\mods\4761012\pakchunk99-LastResort.pak
[01:02:42:57ms][Trace][File] Begin read of 65536 bytes from C:\Users\SAPTAR~1\AppData\Local\Temp\lastresort_ron_101_wreadme.zip
[01:02:42:58ms][Trace][File] Finish read from C:\Users\SAPTAR~1\AppData\Local\Temp\lastresort_ron_101_wreadme.zip
[01:02:42:74ms][Trace][File] Begin write of 65536 bytes to D:\Games\Ready or Not\ReadyOrNot\Content\Paks\mod.io\3791\mods\4761012\pakchunk99-LastResort.pak
[01:02:42:74ms][Trace][File] Finish write to D:\Games\Ready or Not\ReadyOrNot\Content\Paks\mod.io\3791\mods\4761012\pakchunk99-LastResort.pak
[01:02:42:74ms][Trace][File] Begin write of 1657 bytes to D:\Games\Ready or Not\ReadyOrNot\Content\Paks\mod.io\3791\mods\4761012\pakchunk99-LastResort.pak
[01:02:42:74ms][Trace][File] Finish write to D:\Games\Ready or Not\ReadyOrNot\Content\Paks\mod.io\3791\mods\4761012\pakchunk99-LastResort.pak
[01:02:42:74ms][Trace][File] Begin read of 65536 bytes from C:\Users\SAPTAR~1\AppData\Local\Temp\lastresort_ron_101_wreadme.zip
[01:02:42:90ms][Trace][File] Finish read from C:\Users\SAPTAR~1\AppData\Local\Temp\lastresort_ron_101_wreadme.zip
[01:02:42:90ms][Trace][File] Begin write of 65536 bytes to D:\Games\Ready or Not\ReadyOrNot\Content\Paks\mod.io\3791\mods\4761012\pakchunk99-LastResort.pak
[01:02:42:90ms][Trace][File] Finish write to D:\Games\Ready or Not\ReadyOrNot\Content\Paks\mod.io\3791\mods\4761012\pakchunk99-LastResort.pak
[01:02:42:90ms][Trace][File] Begin write of 3069 bytes to D:\Games\Ready or Not\ReadyOrNot\Content\Paks\mod.io\3791\mods\4761012\pakchunk99-LastResort.pak
[01:02:42:90ms][Trace][File] Finish write to D:\Games\Ready or Not\ReadyOrNot\Content\Paks\mod.io\3791\mods\4761012\pakchunk99-LastResort.pak
[01:02:42:90ms][Trace][File] Begin read of 65536 bytes from C:\Users\SAPTAR~1\AppData\Local\Temp\lastresort_ron_101_wreadme.zip
[01:02:42:107ms][Trace][File] Finish read from C:\Users\SAPTAR~1\AppData\Local\Temp\lastresort_ron_101_wreadme.zip
[01:02:42:107ms][Trace][File] Begin write of 65536 bytes to D:\Games\Ready or Not\ReadyOrNot\Content\Paks\mod.io\3791\mods\4761012\pakchunk99-LastResort.pak
[01:02:42:107ms][Trace][File] Finish write to D:\Games\Ready or Not\ReadyOrNot\Content\Paks\mod.io\3791\mods\4761012\pakchunk99-LastResort.pak
[01:02:42:107ms][Trace][File] Begin write of 2071 bytes to D:\Games\Ready or Not\ReadyOrNot\Content\Paks\mod.io\3791\mods\4761012\pakchunk99-LastResort.pak
[01:02:42:107ms][Trace][File] Finish write to D:\Games\Ready or Not\ReadyOrNot\Content\Paks\mod.io\3791\mods\4761012\pakchunk99-LastResort.pak
[01:02:42:107ms][Trace][File] Begin read of 65536 bytes from C:\Users\SAPTAR~1\AppData\Local\Temp\lastresort_ron_101_wreadme.zip
[01:02:42:124ms][Trace][File] Finish read from C:\Users\SAPTAR~1\AppData\Local\Temp\lastresort_ron_101_wreadme.zip
[01:02:42:124ms][Trace][File] Begin write of 65536 bytes to D:\Games\Ready or Not\ReadyOrNot\Content\Paks\mod.io\3791\mods\4761012\pakchunk99-LastResort.pak
[01:02:42:124ms][Trace][File] Finish write to D:\Games\Ready or Not\ReadyOrNot\Content\Paks\mod.io\3791\mods\4761012\pakchunk99-LastResort.pak
[01:02:42:124ms][Trace][File] Begin write of 493 bytes to D:\Games\Ready or Not\ReadyOrNot\Content\Paks\mod.io\3791\mods\4761012\pakchunk99-LastResort.pak
[01:02:42:124ms][Trace][File] Finish write to D:\Games\Ready or Not\ReadyOrNot\Content\Paks\mod.io\3791\mods\4761012\pakchunk99-LastResort.pak
[01:02:42:124ms][Trace][File] Begin read of 65536 bytes from C:\Users\SAPTAR~1\AppData\Local\Temp\lastresort_ron_101_wreadme.zip
[01:02:42:141ms][Trace][File] Finish read from C:\Users\SAPTAR~1\AppData\Local\Temp\lastresort_ron_101_wreadme.zip
[01:02:42:141ms][Trace][File] Begin write of 65536 bytes to D:\Games\Ready or Not\ReadyOrNot\Content\Paks\mod.io\3791\mods\4761012\pakchunk99-LastResort.pak
[01:02:42:142ms][Trace][File] Finish write to D:\Games\Ready or Not\ReadyOrNot\Content\Paks\mod.io\3791\mods\4761012\pakchunk99-LastResort.pak
[01:02:42:142ms][Trace][File] Begin write of 1105 bytes to D:\Games\Ready or Not\ReadyOrNot\Content\Paks\mod.io\3791\mods\4761012\pakchunk99-LastResort.pak
[01:02:42:142ms][Trace][File] Finish write to D:\Games\Ready or Not\ReadyOrNot\Content\Paks\mod.io\3791\mods\4761012\pakchunk99-LastResort.pak
[01:02:42:142ms][Trace][File] Begin read of 65536 bytes from C:\Users\SAPTAR~1\AppData\Local\Temp\lastresort_ron_101_wreadme.zip
[01:02:42:157ms][Trace][File] Finish read from C:\Users\SAPTAR~1\AppData\Local\Temp\lastresort_ron_101_wreadme.zip
[01:02:42:158ms][Trace][File] Begin write of 65536 bytes to D:\Games\Ready or Not\ReadyOrNot\Content\Paks\mod.io\3791\mods\4761012\pakchunk99-LastResort.pak
[01:02:42:158ms][Trace][File] Finish write to D:\Games\Ready or Not\ReadyOrNot\Content\Paks\mod.io\3791\mods\4761012\pakchunk99-LastResort.pak
[01:02:42:158ms][Trace][File] Begin write of 5411 bytes to D:\Games\Ready or Not\ReadyOrNot\Content\Paks\mod.io\3791\mods\4761012\pakchunk99-LastResort.pak
[01:02:42:158ms][Trace][File] Finish write to D:\Games\Ready or Not\ReadyOrNot\Content\Paks\mod.io\3791\mods\4761012\pakchunk99-LastResort.pak
[01:02:42:158ms][Trace][File] Begin read of 65536 bytes from C:\Users\SAPTAR~1\AppData\Local\Temp\lastresort_ron_101_wreadme.zip
[01:02:42:174ms][Trace][File] Finish read from C:\Users\SAPTAR~1\AppData\Local\Temp\lastresort_ron_101_wreadme.zip
[01:02:42:174ms][Trace][File] Begin write of 65536 bytes to D:\Games\Ready or Not\ReadyOrNot\Content\Paks\mod.io\3791\mods\4761012\pakchunk99-LastResort.pak
[01:02:42:174ms][Trace][File] Finish write to D:\Games\Ready or Not\ReadyOrNot\Content\Paks\mod.io\3791\mods\4761012\pakchunk99-LastResort.pak
[01:02:42:174ms][Trace][File] Begin write of 1725 bytes to D:\Games\Ready or Not\ReadyOrNot\Content\Paks\mod.io\3791\mods\4761012\pakchunk99-LastResort.pak
[01:02:42:175ms][Trace][File] Finish write to D:\Games\Ready or Not\ReadyOrNot\Content\Paks\mod.io\3791\mods\4761012\pakchunk99-LastResort.pak
[01:02:42:175ms][Trace][File] Begin read of 65536 bytes from C:\Users\SAPTAR~1\AppData\Local\Temp\lastresort_ron_101_wreadme.zip
[01:02:42:190ms][Trace][File] Finish read from C:\Users\SAPTAR~1\AppData\Local\Temp\lastresort_ron_101_wreadme.zip
[01:02:42:191ms][Trace][File] Begin write of 65536 bytes to D:\Games\Ready or Not\ReadyOrNot\Content\Paks\mod.io\3791\mods\4761012\pakchunk99-LastResort.pak
[01:02:42:191ms][Trace][File] Finish write to D:\Games\Ready or Not\ReadyOrNot\Content\Paks\mod.io\3791\mods\4761012\pakchunk99-LastResort.pak
[01:02:42:191ms][Trace][File] Begin write of 1437 bytes to D:\Games\Ready or Not\ReadyOrNot\Content\Paks\mod.io\3791\mods\4761012\pakchunk99-LastResort.pak
[01:02:42:191ms][Trace][File] Finish write to D:\Games\Ready or Not\ReadyOrNot\Content\Paks\mod.io\3791\mods\4761012\pakchunk99-LastResort.pak
[01:02:42:191ms][Trace][File] Begin read of 65536 bytes from C:\Users\SAPTAR~1\AppData\Local\Temp\lastresort_ron_101_wreadme.zip
[01:02:42:207ms][Trace][File] Finish read from C:\Users\SAPTAR~1\AppData\Local\Temp\lastresort_ron_101_wreadme.zip
[01:02:42:208ms][Trace][File] Begin write of 65536 bytes to D:\Games\Ready or Not\ReadyOrNot\Content\Paks\mod.io\3791\mods\4761012\pakchunk99-LastResort.pak
[01:02:42:208ms][Trace][File] Finish write to D:\Games\Ready or Not\ReadyOrNot\Content\Paks\mod.io\3791\mods\4761012\pakchunk99-LastResort.pak
[01:02:42:208ms][Trace][File] Begin write of 1982 bytes to D:\Games\Ready or Not\ReadyOrNot\Content\Paks\mod.io\3791\mods\4761012\pakchunk99-LastResort.pak
[01:02:42:208ms][Trace][File] Finish write to D:\Games\Ready or Not\ReadyOrNot\Content\Paks\mod.io\3791\mods\4761012\pakchunk99-LastResort.pak
[01:02:42:208ms][Trace][File] Begin read of 65536 bytes from C:\Users\SAPTAR~1\AppData\Local\Temp\lastresort_ron_101_wreadme.zip
[01:02:42:224ms][Trace][File] Finish read from C:\Users\SAPTAR~1\AppData\Local\Temp\lastresort_ron_101_wreadme.zip
[01:02:42:224ms][Trace][File] Begin write of 65536 bytes to D:\Games\Ready or Not\ReadyOrNot\Content\Paks\mod.io\3791\mods\4761012\pakchunk99-LastResort.pak
[01:02:42:224ms][Trace][File] Finish write to D:\Games\Ready or Not\ReadyOrNot\Content\Paks\mod.io\3791\mods\4761012\pakchunk99-LastResort.pak
[01:02:42:224ms][Trace][File] Begin write of 2253 bytes to D:\Games\Ready or Not\ReadyOrNot\Content\Paks\mod.io\3791\mods\4761012\pakchunk99-LastResort.pak
[01:02:42:224ms][Trace][File] Finish write to D:\Games\Ready or Not\ReadyOrNot\Content\Paks\mod.io\3791\mods\4761012\pakchunk99-LastResort.pak
[01:02:42:224ms][Trace][File] Begin read of 65536 bytes from C:\Users\SAPTAR~1\AppData\Local\Temp\lastresort_ron_101_wreadme.zip
[01:02:42:240ms][Trace][File] Finish read from C:\Users\SAPTAR~1\AppData\Local\Temp\lastresort_ron_101_wreadme.zip
[01:02:42:241ms][Trace][File] Begin write of 65536 bytes to D:\Games\Ready or Not\ReadyOrNot\Content\Paks\mod.io\3791\mods\4761012\pakchunk99-LastResort.pak
[01:02:42:241ms][Trace][File] Finish write to D:\Games\Ready or Not\ReadyOrNot\Content\Paks\mod.io\3791\mods\4761012\pakchunk99-LastResort.pak
[01:02:42:241ms][Trace][File] Begin write of 1672 bytes to D:\Games\Ready or Not\ReadyOrNot\Content\Paks\mod.io\3791\mods\4761012\pakchunk99-LastResort.pak
[01:02:42:241ms][Trace][File] Finish write to D:\Games\Ready or Not\ReadyOrNot\Content\Paks\mod.io\3791\mods\4761012\pakchunk99-LastResort.pak
[01:02:42:241ms][Trace][File] Begin read of 65536 bytes from C:\Users\SAPTAR~1\AppData\Local\Temp\lastresort_ron_101_wreadme.zip
[01:02:42:257ms][Trace][File] Finish read from C:\Users\SAPTAR~1\AppData\Local\Temp\lastresort_ron_101_wreadme.zip
[01:02:42:257ms][Trace][File] Begin write of 65536 bytes to D:\Games\Ready or Not\ReadyOrNot\Content\Paks\mod.io\3791\mods\4761012\pakchunk99-LastResort.pak
[01:02:42:258ms][Trace][File] Finish write to D:\Games\Ready or Not\ReadyOrNot\Content\Paks\mod.io\3791\mods\4761012\pakchunk99-LastResort.pak
[01:02:42:258ms][Trace][File] Begin write of 3809 bytes to D:\Games\Ready or Not\ReadyOrNot\Content\Paks\mod.io\3791\mods\4761012\pakchunk99-LastResort.pak
[01:02:42:258ms][Trace][File] Finish write to D:\Games\Ready or Not\ReadyOrNot\Content\Paks\mod.io\3791\mods\4761012\pakchunk99-LastResort.pak
[01:02:42:258ms][Trace][File] Begin read of 65536 bytes from C:\Users\SAPTAR~1\AppData\Local\Temp\lastresort_ron_101_wreadme.zip
[01:02:42:274ms][Trace][File] Finish read from C:\Users\SAPTAR~1\AppData\Local\Temp\lastresort_ron_101_wreadme.zip
[01:02:42:274ms][Trace][File] Begin write of 65536 bytes to D:\Games\Ready or Not\ReadyOrNot\Content\Paks\mod.io\3791\mods\4761012\pakchunk99-LastResort.pak
[01:02:42:274ms][Trace][File] Finish write to D:\Games\Ready or Not\ReadyOrNot\Content\Paks\mod.io\3791\mods\4761012\pakchunk99-LastResort.pak
[01:02:42:275ms][Trace][File] Begin write of 2243 bytes to D:\Games\Ready or Not\ReadyOrNot\Content\Paks\mod.io\3791\mods\4761012\pakchunk99-LastResort.pak
[01:02:42:275ms][Trace][File] Finish write to D:\Games\Ready or Not\ReadyOrNot\Content\Paks\mod.io\3791\mods\4761012\pakchunk99-LastResort.pak
[01:02:42:275ms][Trace][File] Begin read of 65536 bytes from C:\Users\SAPTAR~1\AppData\Local\Temp\lastresort_ron_101_wreadme.zip
[01:02:42:290ms][Trace][File] Finish read from C:\Users\SAPTAR~1\AppData\Local\Temp\lastresort_ron_101_wreadme.zip
[01:02:42:291ms][Trace][File] Begin write of 65536 bytes to D:\Games\Ready or Not\ReadyOrNot\Content\Paks\mod.io\3791\mods\4761012\pakchunk99-LastResort.pak
[01:02:42:291ms][Trace][File] Finish write to D:\Games\Ready or Not\ReadyOrNot\Content\Paks\mod.io\3791\mods\4761012\pakchunk99-LastResort.pak
[01:02:42:291ms][Trace][File] Begin write of 1393 bytes to D:\Games\Ready or Not\ReadyOrNot\Content\Paks\mod.io\3791\mods\4761012\pakchunk99-LastResort.pak
[01:02:42:291ms][Trace][File] Finish write to D:\Games\Ready or Not\ReadyOrNot\Content\Paks\mod.io\3791\mods\4761012\pakchunk99-LastResort.pak
[01:02:42:291ms][Trace][File] Begin read of 65536 bytes from C:\Users\SAPTAR~1\AppData\Local\Temp\lastresort_ron_101_wreadme.zip
[01:02:42:307ms][Trace][File] Finish read from C:\Users\SAPTAR~1\AppData\Local\Temp\lastresort_ron_101_wreadme.zip
[01:02:42:307ms][Trace][File] Begin write of 65536 bytes to D:\Games\Ready or Not\ReadyOrNot\Content\Paks\mod.io\3791\mods\4761012\pakchunk99-LastResort.pak
[01:02:42:307ms][Trace][File] Finish write to D:\Games\Ready or Not\ReadyOrNot\Content\Paks\mod.io\3791\mods\4761012\pakchunk99-LastResort.pak
[01:02:42:307ms][Trace][File] Begin write of 4067 bytes to D:\Games\Ready or Not\ReadyOrNot\Content\Paks\mod.io\3791\mods\4761012\pakchunk99-LastResort.pak
[01:02:42:308ms][Trace][File] Finish write to D:\Games\Ready or Not\ReadyOrNot\Content\Paks\mod.io\3791\mods\4761012\pakchunk99-LastResort.pak
[01:02:42:308ms][Trace][File] Begin read of 65536 bytes from C:\Users\SAPTAR~1\AppData\Local\Temp\lastresort_ron_101_wreadme.zip
[01:02:42:324ms][Trace][File] Finish read from C:\Users\SAPTAR~1\AppData\Local\Temp\lastresort_ron_101_wreadme.zip
[01:02:42:324ms][Trace][File] Begin write of 65536 bytes to D:\Games\Ready or Not\ReadyOrNot\Content\Paks\mod.io\3791\mods\4761012\pakchunk99-LastResort.pak
[01:02:42:324ms][Trace][File] Finish write to D:\Games\Ready or Not\ReadyOrNot\Content\Paks\mod.io\3791\mods\4761012\pakchunk99-LastResort.pak
[01:02:42:324ms][Trace][File] Begin write of 2077 bytes to D:\Games\Ready or Not\ReadyOrNot\Content\Paks\mod.io\3791\mods\4761012\pakchunk99-LastResort.pak
[01:02:42:324ms][Trace][File] Finish write to D:\Games\Ready or Not\ReadyOrNot\Content\Paks\mod.io\3791\mods\4761012\pakchunk99-LastResort.pak
[01:02:42:324ms][Trace][File] Begin read of 65536 bytes from C:\Users\SAPTAR~1\AppData\Local\Temp\lastresort_ron_101_wreadme.zip
[01:02:42:340ms][Trace][File] Finish read from C:\Users\SAPTAR~1\AppData\Local\Temp\lastresort_ron_101_wreadme.zip
[01:02:42:341ms][Trace][File] Begin write of 65536 bytes to D:\Games\Ready or Not\ReadyOrNot\Content\Paks\mod.io\3791\mods\4761012\pakchunk99-LastResort.pak
[01:02:42:341ms][Trace][File] Finish write to D:\Games\Ready or Not\ReadyOrNot\Content\Paks\mod.io\3791\mods\4761012\pakchunk99-LastResort.pak
[01:02:42:341ms][Trace][File] Begin write of 1390 bytes to D:\Games\Ready or Not\ReadyOrNot\Content\Paks\mod.io\3791\mods\4761012\pakchunk99-LastResort.pak
[01:02:42:341ms][Trace][File] Finish write to D:\Games\Ready or Not\ReadyOrNot\Content\Paks\mod.io\3791\mods\4761012\pakchunk99-LastResort.pak
[01:02:42:341ms][Trace][File] Begin read of 65536 bytes from C:\Users\SAPTAR~1\AppData\Local\Temp\lastresort_ron_101_wreadme.zip
[01:02:42:357ms][Trace][File] Finish read from C:\Users\SAPTAR~1\AppData\Local\Temp\lastresort_ron_101_wreadme.zip
[01:02:42:357ms][Trace][File] Begin write of 65536 bytes to D:\Games\Ready or Not\ReadyOrNot\Content\Paks\mod.io\3791\mods\4761012\pakchunk99-LastResort.pak
[01:02:42:357ms][Trace][File] Finish write to D:\Games\Ready or Not\ReadyOrNot\Content\Paks\mod.io\3791\mods\4761012\pakchunk99-LastResort.pak
[01:02:42:357ms][Trace][File] Begin write of 3410 bytes to D:\Games\Ready or Not\ReadyOrNot\Content\Paks\mod.io\3791\mods\4761012\pakchunk99-LastResort.pak
[01:02:42:357ms][Trace][File] Finish write to D:\Games\Ready or Not\ReadyOrNot\Content\Paks\mod.io\3791\mods\4761012\pakchunk99-LastResort.pak
[01:02:42:358ms][Trace][File] Begin read of 65536 bytes from C:\Users\SAPTAR~1\AppData\Local\Temp\lastresort_ron_101_wreadme.zip
[01:02:42:374ms][Trace][File] Finish read from C:\Users\SAPTAR~1\AppData\Local\Temp\lastresort_ron_101_wreadme.zip
[01:02:42:390ms][Trace][File] Begin write of 65536 bytes to D:\Games\Ready or Not\ReadyOrNot\Content\Paks\mod.io\3791\mods\4761012\pakchunk99-LastResort.pak
[01:02:42:390ms][Trace][File] Finish write to D:\Games\Ready or Not\ReadyOrNot\Content\Paks\mod.io\3791\mods\4761012\pakchunk99-LastResort.pak
[01:02:42:390ms][Trace][File] Begin write of 1779 bytes to D:\Games\Ready or Not\ReadyOrNot\Content\Paks\mod.io\3791\mods\4761012\pakchunk99-LastResort.pak
[01:02:42:390ms][Trace][File] Finish write to D:\Games\Ready or Not\ReadyOrNot\Content\Paks\mod.io\3791\mods\4761012\pakchunk99-LastResort.pak
[01:02:42:390ms][Trace][File] Begin read of 65536 bytes from C:\Users\SAPTAR~1\AppData\Local\Temp\lastresort_ron_101_wreadme.zip
[01:02:42:391ms][Trace][File] Finish read from C:\Users\SAPTAR~1\AppData\Local\Temp\lastresort_ron_101_wreadme.zip
[01:02:42:407ms][Trace][File] Begin write of 65536 bytes to D:\Games\Ready or Not\ReadyOrNot\Content\Paks\mod.io\3791\mods\4761012\pakchunk99-LastResort.pak
[01:02:42:407ms][Trace][File] Finish write to D:\Games\Ready or Not\ReadyOrNot\Content\Paks\mod.io\3791\mods\4761012\pakchunk99-LastResort.pak
[01:02:42:407ms][Trace][File] Begin write of 1819 bytes to D:\Games\Ready or Not\ReadyOrNot\Content\Paks\mod.io\3791\mods\4761012\pakchunk99-LastResort.pak
[01:02:42:407ms][Trace][File] Finish write to D:\Games\Ready or Not\ReadyOrNot\Content\Paks\mod.io\3791\mods\4761012\pakchunk99-LastResort.pak
[01:02:42:407ms][Trace][File] Begin read of 65536 bytes from C:\Users\SAPTAR~1\AppData\Local\Temp\lastresort_ron_101_wreadme.zip
[01:02:42:424ms][Trace][File] Finish read from C:\Users\SAPTAR~1\AppData\Local\Temp\lastresort_ron_101_wreadme.zip
[01:02:42:424ms][Trace][File] Begin write of 65536 bytes to D:\Games\Ready or Not\ReadyOrNot\Content\Paks\mod.io\3791\mods\4761012\pakchunk99-LastResort.pak
[01:02:42:424ms][Trace][File] Finish write to D:\Games\Ready or Not\ReadyOrNot\Content\Paks\mod.io\3791\mods\4761012\pakchunk99-LastResort.pak
[01:02:42:424ms][Trace][File] Begin write of 1452 bytes to D:\Games\Ready or Not\ReadyOrNot\Content\Paks\mod.io\3791\mods\4761012\pakchunk99-LastResort.pak
[01:02:42:424ms][Trace][File] Finish write to D:\Games\Ready or Not\ReadyOrNot\Content\Paks\mod.io\3791\mods\4761012\pakchunk99-LastResort.pak
[01:02:42:424ms][Trace][File] Begin read of 65536 bytes from C:\Users\SAPTAR~1\AppData\Local\Temp\lastresort_ron_101_wreadme.zip
[01:02:42:440ms][Trace][File] Finish read from C:\Users\SAPTAR~1\AppData\Local\Temp\lastresort_ron_101_wreadme.zip
[01:02:42:441ms][Trace][File] Begin write of 65536 bytes to D:\Games\Ready or Not\ReadyOrNot\Content\Paks\mod.io\3791\mods\4761012\pakchunk99-LastResort.pak
[01:02:42:441ms][Trace][File] Finish write to D:\Games\Ready or Not\ReadyOrNot\Content\Paks\mod.io\3791\mods\4761012\pakchunk99-LastResort.pak
[01:02:42:441ms][Trace][File] Begin write of 1924 bytes to D:\Games\Ready or Not\ReadyOrNot\Content\Paks\mod.io\3791\mods\4761012\pakchunk99-LastResort.pak
[01:02:42:441ms][Trace][File] Finish write to D:\Games\Ready or Not\ReadyOrNot\Content\Paks\mod.io\3791\mods\4761012\pakchunk99-LastResort.pak
[01:02:42:441ms][Trace][File] Begin read of 65536 bytes from C:\Users\SAPTAR~1\AppData\Local\Temp\lastresort_ron_101_wreadme.zip
[01:02:42:457ms][Trace][File] Finish read from C:\Users\SAPTAR~1\AppData\Local\Temp\lastresort_ron_101_wreadme.zip
[01:02:42:457ms][Trace][File] Begin write of 65536 bytes to D:\Games\Ready or Not\ReadyOrNot\Content\Paks\mod.io\3791\mods\4761012\pakchunk99-LastResort.pak
[01:02:42:458ms][Trace][File] Finish write to D:\Games\Ready or Not\ReadyOrNot\Content\Paks\mod.io\3791\mods\4761012\pakchunk99-LastResort.pak
[01:02:42:458ms][Trace][File] Begin write of 2125 bytes to D:\Games\Ready or Not\ReadyOrNot\Content\Paks\mod.io\3791\mods\4761012\pakchunk99-LastResort.pak
[01:02:42:458ms][Trace][File] Finish write to D:\Games\Ready or Not\ReadyOrNot\Content\Paks\mod.io\3791\mods\4761012\pakchunk99-LastResort.pak
[01:02:42:458ms][Trace][File] Begin read of 65536 bytes from C:\Users\SAPTAR~1\AppData\Local\Temp\lastresort_ron_101_wreadme.zip
[01:02:42:479ms][Trace][File] Finish read from C:\Users\SAPTAR~1\AppData\Local\Temp\lastresort_ron_101_wreadme.zip
[01:02:42:480ms][Trace][File] Begin write of 65536 bytes to D:\Games\Ready or Not\ReadyOrNot\Content\Paks\mod.io\3791\mods\4761012\pakchunk99-LastResort.pak
[01:02:42:480ms][Trace][File] Finish write to D:\Games\Ready or Not\ReadyOrNot\Content\Paks\mod.io\3791\mods\4761012\pakchunk99-LastResort.pak
[01:02:42:480ms][Trace][File] Begin write of 1889 bytes to D:\Games\Ready or Not\ReadyOrNot\Content\Paks\mod.io\3791\mods\4761012\pakchunk99-LastResort.pak
[01:02:42:480ms][Trace][File] Finish write to D:\Games\Ready or Not\ReadyOrNot\Content\Paks\mod.io\3791\mods\4761012\pakchunk99-LastResort.pak
[01:02:42:480ms][Trace][File] Begin read of 65536 bytes from C:\Users\SAPTAR~1\AppData\Local\Temp\lastresort_ron_101_wreadme.zip
[01:02:42:497ms][Trace][File] Finish read from C:\Users\SAPTAR~1\AppData\Local\Temp\lastresort_ron_101_wreadme.zip
[01:02:42:497ms][Trace][File] Begin write of 65536 bytes to D:\Games\Ready or Not\ReadyOrNot\Content\Paks\mod.io\3791\mods\4761012\pakchunk99-LastResort.pak
[01:02:42:498ms][Trace][File] Finish write to D:\Games\Ready or Not\ReadyOrNot\Content\Paks\mod.io\3791\mods\4761012\pakchunk99-LastResort.pak
[01:02:42:892ms][Trace][File] Begin write of 1653 bytes to D:\Games\Ready or Not\ReadyOrNot\Content\Paks\mod.io\3791\mods\4761012\pakchunk99-LastResort.pak
[01:02:42:892ms][Trace][File] Finish write to D:\Games\Ready or Not\ReadyOrNot\Content\Paks\mod.io\3791\mods\4761012\pakchunk99-LastResort.pak
[01:02:42:892ms][Trace][File] Begin read of 65536 bytes from C:\Users\SAPTAR~1\AppData\Local\Temp\lastresort_ron_101_wreadme.zip
[01:02:42:893ms][Trace][File] Finish read from C:\Users\SAPTAR~1\AppData\Local\Temp\lastresort_ron_101_wreadme.zip
[01:02:43:17ms][Trace][File] Begin write of 65536 bytes to D:\Games\Ready or Not\ReadyOrNot\Content\Paks\mod.io\3791\mods\4761012\pakchunk99-LastResort.pak
[01:02:43:17ms][Trace][File] Finish write to D:\Games\Ready or Not\ReadyOrNot\Content\Paks\mod.io\3791\mods\4761012\pakchunk99-LastResort.pak
[01:02:43:17ms][Trace][File] Begin write of 2950 bytes to D:\Games\Ready or Not\ReadyOrNot\Content\Paks\mod.io\3791\mods\4761012\pakchunk99-LastResort.pak
[01:02:43:17ms][Trace][File] Finish write to D:\Games\Ready or Not\ReadyOrNot\Content\Paks\mod.io\3791\mods\4761012\pakchunk99-LastResort.pak
[01:02:43:18ms][Trace][File] Begin read of 65536 bytes from C:\Users\SAPTAR~1\AppData\Local\Temp\lastresort_ron_101_wreadme.zip
[01:02:43:34ms][Trace][File] Finish read from C:\Users\SAPTAR~1\AppData\Local\Temp\lastresort_ron_101_wreadme.zip
[01:02:43:34ms][Trace][File] Begin write of 65536 bytes to D:\Games\Ready or Not\ReadyOrNot\Content\Paks\mod.io\3791\mods\4761012\pakchunk99-LastResort.pak
[01:02:43:34ms][Trace][File] Finish write to D:\Games\Ready or Not\ReadyOrNot\Content\Paks\mod.io\3791\mods\4761012\pakchunk99-LastResort.pak
[01:02:43:34ms][Trace][File] Begin write of 3302 bytes to D:\Games\Ready or Not\ReadyOrNot\Content\Paks\mod.io\3791\mods\4761012\pakchunk99-LastResort.pak
[01:02:43:34ms][Trace][File] Finish write to D:\Games\Ready or Not\ReadyOrNot\Content\Paks\mod.io\3791\mods\4761012\pakchunk99-LastResort.pak
[01:02:43:34ms][Trace][File] Begin read of 65536 bytes from C:\Users\SAPTAR~1\AppData\Local\Temp\lastresort_ron_101_wreadme.zip
[01:02:43:51ms][Trace][File] Finish read from C:\Users\SAPTAR~1\AppData\Local\Temp\lastresort_ron_101_wreadme.zip
[01:02:43:51ms][Trace][File] Begin write of 65536 bytes to D:\Games\Ready or Not\ReadyOrNot\Content\Paks\mod.io\3791\mods\4761012\pakchunk99-LastResort.pak
[01:02:43:51ms][Trace][File] Finish write to D:\Games\Ready or Not\ReadyOrNot\Content\Paks\mod.io\3791\mods\4761012\pakchunk99-LastResort.pak
[01:02:43:51ms][Trace][File] Begin write of 1576 bytes to D:\Games\Ready or Not\ReadyOrNot\Content\Paks\mod.io\3791\mods\4761012\pakchunk99-LastResort.pak
[01:02:43:51ms][Trace][File] Finish write to D:\Games\Ready or Not\ReadyOrNot\Content\Paks\mod.io\3791\mods\4761012\pakchunk99-LastResort.pak
[01:02:43:51ms][Trace][File] Begin read of 65536 bytes from C:\Users\SAPTAR~1\AppData\Local\Temp\lastresort_ron_101_wreadme.zip
[01:02:43:68ms][Trace][File] Finish read from C:\Users\SAPTAR~1\AppData\Local\Temp\lastresort_ron_101_wreadme.zip
[01:02:43:68ms][Trace][File] Begin write of 65536 bytes to D:\Games\Ready or Not\ReadyOrNot\Content\Paks\mod.io\3791\mods\4761012\pakchunk99-LastResort.pak
[01:02:43:68ms][Trace][File] Finish write to D:\Games\Ready or Not\ReadyOrNot\Content\Paks\mod.io\3791\mods\4761012\pakchunk99-LastResort.pak
[01:02:43:69ms][Trace][File] Begin write of 2585 bytes to D:\Games\Ready or Not\ReadyOrNot\Content\Paks\mod.io\3791\mods\4761012\pakchunk99-LastResort.pak
[01:02:43:69ms][Trace][File] Finish write to D:\Games\Ready or Not\ReadyOrNot\Content\Paks\mod.io\3791\mods\4761012\pakchunk99-LastResort.pak
[01:02:43:69ms][Trace][File] Begin read of 65536 bytes from C:\Users\SAPTAR~1\AppData\Local\Temp\lastresort_ron_101_wreadme.zip
[01:02:43:85ms][Trace][File] Finish read from C:\Users\SAPTAR~1\AppData\Local\Temp\lastresort_ron_101_wreadme.zip
[01:02:43:86ms][Trace][File] Begin write of 65536 bytes to D:\Games\Ready or Not\ReadyOrNot\Content\Paks\mod.io\3791\mods\4761012\pakchunk99-LastResort.pak
[01:02:43:86ms][Trace][File] Finish write to D:\Games\Ready or Not\ReadyOrNot\Content\Paks\mod.io\3791\mods\4761012\pakchunk99-LastResort.pak
[01:02:43:86ms][Trace][File] Begin write of 1529 bytes to D:\Games\Ready or Not\ReadyOrNot\Content\Paks\mod.io\3791\mods\4761012\pakchunk99-LastResort.pak
[01:02:43:86ms][Trace][File] Finish write to D:\Games\Ready or Not\ReadyOrNot\Content\Paks\mod.io\3791\mods\4761012\pakchunk99-LastResort.pak
[01:02:43:86ms][Trace][File] Begin read of 65536 bytes from C:\Users\SAPTAR~1\AppData\Local\Temp\lastresort_ron_101_wreadme.zip
[01:02:43:102ms][Trace][File] Finish read from C:\Users\SAPTAR~1\AppData\Local\Temp\lastresort_ron_101_wreadme.zip
[01:02:43:103ms][Trace][File] Begin write of 65536 bytes to D:\Games\Ready or Not\ReadyOrNot\Content\Paks\mod.io\3791\mods\4761012\pakchunk99-LastResort.pak
[01:02:43:103ms][Trace][File] Finish write to D:\Games\Ready or Not\ReadyOrNot\Content\Paks\mod.io\3791\mods\4761012\pakchunk99-LastResort.pak
[01:02:43:103ms][Trace][File] Begin write of 1838 bytes to D:\Games\Ready or Not\ReadyOrNot\Content\Paks\mod.io\3791\mods\4761012\pakchunk99-LastResort.pak
[01:02:43:103ms][Trace][File] Finish write to D:\Games\Ready or Not\ReadyOrNot\Content\Paks\mod.io\3791\mods\4761012\pakchunk99-LastResort.pak
[01:02:43:103ms][Trace][File] Begin read of 65536 bytes from C:\Users\SAPTAR~1\AppData\Local\Temp\lastresort_ron_101_wreadme.zip
[01:02:43:119ms][Trace][File] Finish read from C:\Users\SAPTAR~1\AppData\Local\Temp\lastresort_ron_101_wreadme.zip
[01:02:43:120ms][Trace][File] Begin write of 65536 bytes to D:\Games\Ready or Not\ReadyOrNot\Content\Paks\mod.io\3791\mods\4761012\pakchunk99-LastResort.pak
[01:02:43:120ms][Trace][File] Finish write to D:\Games\Ready or Not\ReadyOrNot\Content\Paks\mod.io\3791\mods\4761012\pakchunk99-LastResort.pak
[01:02:43:120ms][Trace][File] Begin write of 3014 bytes to D:\Games\Ready or Not\ReadyOrNot\Content\Paks\mod.io\3791\mods\4761012\pakchunk99-LastResort.pak
[01:02:43:120ms][Trace][File] Finish write to D:\Games\Ready or Not\ReadyOrNot\Content\Paks\mod.io\3791\mods\4761012\pakchunk99-LastResort.pak
[01:02:43:120ms][Trace][File] Begin read of 65536 bytes from C:\Users\SAPTAR~1\AppData\Local\Temp\lastresort_ron_101_wreadme.zip
[01:02:43:136ms][Trace][File] Finish read from C:\Users\SAPTAR~1\AppData\Local\Temp\lastresort_ron_101_wreadme.zip
[01:02:43:137ms][Trace][File] Begin write of 65536 bytes to D:\Games\Ready or Not\ReadyOrNot\Content\Paks\mod.io\3791\mods\4761012\pakchunk99-LastResort.pak
[01:02:43:137ms][Trace][File] Finish write to D:\Games\Ready or Not\ReadyOrNot\Content\Paks\mod.io\3791\mods\4761012\pakchunk99-LastResort.pak
[01:02:43:153ms][Trace][File] Begin write of 2125 bytes to D:\Games\Ready or Not\ReadyOrNot\Content\Paks\mod.io\3791\mods\4761012\pakchunk99-LastResort.pak
[01:02:43:153ms][Trace][File] Finish write to D:\Games\Ready or Not\ReadyOrNot\Content\Paks\mod.io\3791\mods\4761012\pakchunk99-LastResort.pak
[01:02:43:153ms][Trace][File] Begin read of 65536 bytes from C:\Users\SAPTAR~1\AppData\Local\Temp\lastresort_ron_101_wreadme.zip
[01:02:43:153ms][Trace][File] Finish read from C:\Users\SAPTAR~1\AppData\Local\Temp\lastresort_ron_101_wreadme.zip
[01:02:43:169ms][Trace][File] Begin write of 65536 bytes to D:\Games\Ready or Not\ReadyOrNot\Content\Paks\mod.io\3791\mods\4761012\pakchunk99-LastResort.pak
[01:02:43:169ms][Trace][File] Finish write to D:\Games\Ready or Not\ReadyOrNot\Content\Paks\mod.io\3791\mods\4761012\pakchunk99-LastResort.pak
[01:02:43:170ms][Trace][File] Begin write of 225 bytes to D:\Games\Ready or Not\ReadyOrNot\Content\Paks\mod.io\3791\mods\4761012\pakchunk99-LastResort.pak
[01:02:43:170ms][Trace][File] Finish write to D:\Games\Ready or Not\ReadyOrNot\Content\Paks\mod.io\3791\mods\4761012\pakchunk99-LastResort.pak
[01:02:43:170ms][Trace][File] Begin read of 65536 bytes from C:\Users\SAPTAR~1\AppData\Local\Temp\lastresort_ron_101_wreadme.zip
[01:02:43:187ms][Trace][File] Finish read from C:\Users\SAPTAR~1\AppData\Local\Temp\lastresort_ron_101_wreadme.zip
[01:02:43:187ms][Trace][File] Begin write of 65536 bytes to D:\Games\Ready or Not\ReadyOrNot\Content\Paks\mod.io\3791\mods\4761012\pakchunk99-LastResort.pak
[01:02:43:187ms][Trace][File] Finish write to D:\Games\Ready or Not\ReadyOrNot\Content\Paks\mod.io\3791\mods\4761012\pakchunk99-LastResort.pak
[01:02:43:187ms][Trace][File] Begin write of 985 bytes to D:\Games\Ready or Not\ReadyOrNot\Content\Paks\mod.io\3791\mods\4761012\pakchunk99-LastResort.pak
[01:02:43:187ms][Trace][File] Finish write to D:\Games\Ready or Not\ReadyOrNot\Content\Paks\mod.io\3791\mods\4761012\pakchunk99-LastResort.pak
[01:02:43:187ms][Trace][File] Begin read of 65536 bytes from C:\Users\SAPTAR~1\AppData\Local\Temp\lastresort_ron_101_wreadme.zip
[01:02:43:204ms][Trace][File] Finish read from C:\Users\SAPTAR~1\AppData\Local\Temp\lastresort_ron_101_wreadme.zip
[01:02:43:205ms][Trace][File] Begin write of 65536 bytes to D:\Games\Ready or Not\ReadyOrNot\Content\Paks\mod.io\3791\mods\4761012\pakchunk99-LastResort.pak
[01:02:43:205ms][Trace][File] Finish write to D:\Games\Ready or Not\ReadyOrNot\Content\Paks\mod.io\3791\mods\4761012\pakchunk99-LastResort.pak
[01:02:43:205ms][Trace][File] Begin write of 1999 bytes to D:\Games\Ready or Not\ReadyOrNot\Content\Paks\mod.io\3791\mods\4761012\pakchunk99-LastResort.pak
[01:02:43:205ms][Trace][File] Finish write to D:\Games\Ready or Not\ReadyOrNot\Content\Paks\mod.io\3791\mods\4761012\pakchunk99-LastResort.pak
[01:02:43:205ms][Trace][File] Begin read of 65536 bytes from C:\Users\SAPTAR~1\AppData\Local\Temp\lastresort_ron_101_wreadme.zip
[01:02:43:221ms][Trace][File] Finish read from C:\Users\SAPTAR~1\AppData\Local\Temp\lastresort_ron_101_wreadme.zip
[01:02:43:222ms][Trace][File] Begin write of 65536 bytes to D:\Games\Ready or Not\ReadyOrNot\Content\Paks\mod.io\3791\mods\4761012\pakchunk99-LastResort.pak
[01:02:43:222ms][Trace][File] Finish write to D:\Games\Ready or Not\ReadyOrNot\Content\Paks\mod.io\3791\mods\4761012\pakchunk99-LastResort.pak
[01:02:43:222ms][Trace][File] Begin write of 2344 bytes to D:\Games\Ready or Not\ReadyOrNot\Content\Paks\mod.io\3791\mods\4761012\pakchunk99-LastResort.pak
[01:02:43:222ms][Trace][File] Finish write to D:\Games\Ready or Not\ReadyOrNot\Content\Paks\mod.io\3791\mods\4761012\pakchunk99-LastResort.pak
[01:02:43:222ms][Trace][File] Begin read of 65536 bytes from C:\Users\SAPTAR~1\AppData\Local\Temp\lastresort_ron_101_wreadme.zip
[01:02:43:238ms][Trace][File] Finish read from C:\Users\SAPTAR~1\AppData\Local\Temp\lastresort_ron_101_wreadme.zip
[01:02:43:238ms][Trace][File] Begin write of 65536 bytes to D:\Games\Ready or Not\ReadyOrNot\Content\Paks\mod.io\3791\mods\4761012\pakchunk99-LastResort.pak
[01:02:43:239ms][Trace][File] Finish write to D:\Games\Ready or Not\ReadyOrNot\Content\Paks\mod.io\3791\mods\4761012\pakchunk99-LastResort.pak
[01:02:43:239ms][Trace][File] Begin write of 1429 bytes to D:\Games\Ready or Not\ReadyOrNot\Content\Paks\mod.io\3791\mods\4761012\pakchunk99-LastResort.pak
[01:02:43:239ms][Trace][File] Finish write to D:\Games\Ready or Not\ReadyOrNot\Content\Paks\mod.io\3791\mods\4761012\pakchunk99-LastResort.pak
[01:02:43:239ms][Trace][File] Begin read of 65536 bytes from C:\Users\SAPTAR~1\AppData\Local\Temp\lastresort_ron_101_wreadme.zip
[01:02:43:255ms][Trace][File] Finish read from C:\Users\SAPTAR~1\AppData\Local\Temp\lastresort_ron_101_wreadme.zip
[01:02:43:255ms][Trace][File] Begin write of 65536 bytes to D:\Games\Ready or Not\ReadyOrNot\Content\Paks\mod.io\3791\mods\4761012\pakchunk99-LastResort.pak
[01:02:43:256ms][Trace][File] Finish write to D:\Games\Ready or Not\ReadyOrNot\Content\Paks\mod.io\3791\mods\4761012\pakchunk99-LastResort.pak
[01:02:43:256ms][Trace][File] Begin write of 3188 bytes to D:\Games\Ready or Not\ReadyOrNot\Content\Paks\mod.io\3791\mods\4761012\pakchunk99-LastResort.pak
[01:02:43:256ms][Trace][File] Finish write to D:\Games\Ready or Not\ReadyOrNot\Content\Paks\mod.io\3791\mods\4761012\pakchunk99-LastResort.pak
[01:02:43:256ms][Trace][File] Begin read of 65536 bytes from C:\Users\SAPTAR~1\AppData\Local\Temp\lastresort_ron_101_wreadme.zip
[01:02:43:273ms][Trace][File] Finish read from C:\Users\SAPTAR~1\AppData\Local\Temp\lastresort_ron_101_wreadme.zip
[01:02:43:274ms][Trace][File] Begin write of 65536 bytes to D:\Games\Ready or Not\ReadyOrNot\Content\Paks\mod.io\3791\mods\4761012\pakchunk99-LastResort.pak
[01:02:43:274ms][Trace][File] Finish write to D:\Games\Ready or Not\ReadyOrNot\Content\Paks\mod.io\3791\mods\4761012\pakchunk99-LastResort.pak
[01:02:43:290ms][Trace][File] Begin write of 2909 bytes to D:\Games\Ready or Not\ReadyOrNot\Content\Paks\mod.io\3791\mods\4761012\pakchunk99-LastResort.pak
[01:02:43:290ms][Trace][File] Finish write to D:\Games\Ready or Not\ReadyOrNot\Content\Paks\mod.io\3791\mods\4761012\pakchunk99-LastResort.pak
[01:02:43:290ms][Trace][File] Begin read of 65536 bytes from C:\Users\SAPTAR~1\AppData\Local\Temp\lastresort_ron_101_wreadme.zip
[01:02:43:307ms][Trace][File] Finish read from C:\Users\SAPTAR~1\AppData\Local\Temp\lastresort_ron_101_wreadme.zip
[01:02:43:308ms][Trace][File] Begin write of 65536 bytes to D:\Games\Ready or Not\ReadyOrNot\Content\Paks\mod.io\3791\mods\4761012\pakchunk99-LastResort.pak
[01:02:43:308ms][Trace][File] Finish write to D:\Games\Ready or Not\ReadyOrNot\Content\Paks\mod.io\3791\mods\4761012\pakchunk99-LastResort.pak
[01:02:43:325ms][Trace][File] Begin write of 1688 bytes to D:\Games\Ready or Not\ReadyOrNot\Content\Paks\mod.io\3791\mods\4761012\pakchunk99-LastResort.pak
[01:02:43:325ms][Trace][File] Finish write to D:\Games\Ready or Not\ReadyOrNot\Content\Paks\mod.io\3791\mods\4761012\pakchunk99-LastResort.pak
[01:02:43:325ms][Trace][File] Begin read of 65536 bytes from C:\Users\SAPTAR~1\AppData\Local\Temp\lastresort_ron_101_wreadme.zip
[01:02:43:326ms][Trace][File] Finish read from C:\Users\SAPTAR~1\AppData\Local\Temp\lastresort_ron_101_wreadme.zip
[01:02:43:342ms][Trace][File] Begin write of 65536 bytes to D:\Games\Ready or Not\ReadyOrNot\Content\Paks\mod.io\3791\mods\4761012\pakchunk99-LastResort.pak
[01:02:43:342ms][Trace][File] Finish write to D:\Games\Ready or Not\ReadyOrNot\Content\Paks\mod.io\3791\mods\4761012\pakchunk99-LastResort.pak
[01:02:43:342ms][Trace][File] Begin write of 2196 bytes to D:\Games\Ready or Not\ReadyOrNot\Content\Paks\mod.io\3791\mods\4761012\pakchunk99-LastResort.pak
[01:02:43:342ms][Trace][File] Finish write to D:\Games\Ready or Not\ReadyOrNot\Content\Paks\mod.io\3791\mods\4761012\pakchunk99-LastResort.pak
[01:02:43:342ms][Trace][File] Begin read of 65536 bytes from C:\Users\SAPTAR~1\AppData\Local\Temp\lastresort_ron_101_wreadme.zip
[01:02:43:359ms][Trace][File] Finish read from C:\Users\SAPTAR~1\AppData\Local\Temp\lastresort_ron_101_wreadme.zip
[01:02:43:360ms][Trace][File] Begin write of 65536 bytes to D:\Games\Ready or Not\ReadyOrNot\Content\Paks\mod.io\3791\mods\4761012\pakchunk99-LastResort.pak
[01:02:43:360ms][Trace][File] Finish write to D:\Games\Ready or Not\ReadyOrNot\Content\Paks\mod.io\3791\mods\4761012\pakchunk99-LastResort.pak
[01:02:43:375ms][Trace][File] Begin write of 1231 bytes to D:\Games\Ready or Not\ReadyOrNot\Content\Paks\mod.io\3791\mods\4761012\pakchunk99-LastResort.pak
[01:02:43:376ms][Trace][File] Finish write to D:\Games\Ready or Not\ReadyOrNot\Content\Paks\mod.io\3791\mods\4761012\pakchunk99-LastResort.pak
[01:02:43:376ms][Trace][File] Begin read of 65536 bytes from C:\Users\SAPTAR~1\AppData\Local\Temp\lastresort_ron_101_wreadme.zip
[01:02:43:376ms][Trace][File] Finish read from C:\Users\SAPTAR~1\AppData\Local\Temp\lastresort_ron_101_wreadme.zip
[01:02:43:392ms][Trace][File] Begin write of 65536 bytes to D:\Games\Ready or Not\ReadyOrNot\Content\Paks\mod.io\3791\mods\4761012\pakchunk99-LastResort.pak
[01:02:43:392ms][Trace][File] Finish write to D:\Games\Ready or Not\ReadyOrNot\Content\Paks\mod.io\3791\mods\4761012\pakchunk99-LastResort.pak
[01:02:43:392ms][Trace][File] Begin write of 1991 bytes to D:\Games\Ready or Not\ReadyOrNot\Content\Paks\mod.io\3791\mods\4761012\pakchunk99-LastResort.pak
[01:02:43:392ms][Trace][File] Finish write to D:\Games\Ready or Not\ReadyOrNot\Content\Paks\mod.io\3791\mods\4761012\pakchunk99-LastResort.pak
[01:02:43:392ms][Trace][File] Begin read of 65536 bytes from C:\Users\SAPTAR~1\AppData\Local\Temp\lastresort_ron_101_wreadme.zip
[01:02:43:393ms][Trace][File] Finish read from C:\Users\SAPTAR~1\AppData\Local\Temp\lastresort_ron_101_wreadme.zip
[01:02:43:409ms][Trace][File] Begin write of 65536 bytes to D:\Games\Ready or Not\ReadyOrNot\Content\Paks\mod.io\3791\mods\4761012\pakchunk99-LastResort.pak
[01:02:43:409ms][Trace][File] Finish write to D:\Games\Ready or Not\ReadyOrNot\Content\Paks\mod.io\3791\mods\4761012\pakchunk99-LastResort.pak
[01:02:43:409ms][Trace][File] Begin write of 1222 bytes to D:\Games\Ready or Not\ReadyOrNot\Content\Paks\mod.io\3791\mods\4761012\pakchunk99-LastResort.pak
[01:02:43:409ms][Trace][File] Finish write to D:\Games\Ready or Not\ReadyOrNot\Content\Paks\mod.io\3791\mods\4761012\pakchunk99-LastResort.pak
[01:02:43:409ms][Trace][File] Begin read of 65536 bytes from C:\Users\SAPTAR~1\AppData\Local\Temp\lastresort_ron_101_wreadme.zip
[01:02:43:426ms][Trace][File] Finish read from C:\Users\SAPTAR~1\AppData\Local\Temp\lastresort_ron_101_wreadme.zip
[01:02:43:426ms][Trace][File] Begin write of 65536 bytes to D:\Games\Ready or Not\ReadyOrNot\Content\Paks\mod.io\3791\mods\4761012\pakchunk99-LastResort.pak
[01:02:43:427ms][Trace][File] Finish write to D:\Games\Ready or Not\ReadyOrNot\Content\Paks\mod.io\3791\mods\4761012\pakchunk99-LastResort.pak
[01:02:43:427ms][Trace][File] Begin write of 1828 bytes to D:\Games\Ready or Not\ReadyOrNot\Content\Paks\mod.io\3791\mods\4761012\pakchunk99-LastResort.pak
[01:02:43:427ms][Trace][File] Finish write to D:\Games\Ready or Not\ReadyOrNot\Content\Paks\mod.io\3791\mods\4761012\pakchunk99-LastResort.pak
[01:02:43:427ms][Trace][File] Begin read of 65536 bytes from C:\Users\SAPTAR~1\AppData\Local\Temp\lastresort_ron_101_wreadme.zip
[01:02:43:443ms][Trace][File] Finish read from C:\Users\SAPTAR~1\AppData\Local\Temp\lastresort_ron_101_wreadme.zip
[01:02:43:444ms][Trace][File] Begin write of 65536 bytes to D:\Games\Ready or Not\ReadyOrNot\Content\Paks\mod.io\3791\mods\4761012\pakchunk99-LastResort.pak
[01:02:43:444ms][Trace][File] Finish write to D:\Games\Ready or Not\ReadyOrNot\Content\Paks\mod.io\3791\mods\4761012\pakchunk99-LastResort.pak
[01:02:43:444ms][Trace][File] Begin write of 1966 bytes to D:\Games\Ready or Not\ReadyOrNot\Content\Paks\mod.io\3791\mods\4761012\pakchunk99-LastResort.pak
[01:02:43:444ms][Trace][File] Finish write to D:\Games\Ready or Not\ReadyOrNot\Content\Paks\mod.io\3791\mods\4761012\pakchunk99-LastResort.pak
[01:02:43:444ms][Trace][File] Begin read of 65536 bytes from C:\Users\SAPTAR~1\AppData\Local\Temp\lastresort_ron_101_wreadme.zip
[01:02:43:460ms][Trace][File] Finish read from C:\Users\SAPTAR~1\AppData\Local\Temp\lastresort_ron_101_wreadme.zip
[01:02:43:461ms][Trace][File] Begin write of 65536 bytes to D:\Games\Ready or Not\ReadyOrNot\Content\Paks\mod.io\3791\mods\4761012\pakchunk99-LastResort.pak
[01:02:43:461ms][Trace][File] Finish write to D:\Games\Ready or Not\ReadyOrNot\Content\Paks\mod.io\3791\mods\4761012\pakchunk99-LastResort.pak
[01:02:43:461ms][Trace][File] Begin write of 1411 bytes to D:\Games\Ready or Not\ReadyOrNot\Content\Paks\mod.io\3791\mods\4761012\pakchunk99-LastResort.pak
[01:02:43:461ms][Trace][File] Finish write to D:\Games\Ready or Not\ReadyOrNot\Content\Paks\mod.io\3791\mods\4761012\pakchunk99-LastResort.pak
[01:02:43:461ms][Trace][File] Begin read of 65536 bytes from C:\Users\SAPTAR~1\AppData\Local\Temp\lastresort_ron_101_wreadme.zip
[01:02:43:477ms][Trace][File] Finish read from C:\Users\SAPTAR~1\AppData\Local\Temp\lastresort_ron_101_wreadme.zip
[01:02:43:478ms][Trace][File] Begin write of 65536 bytes to D:\Games\Ready or Not\ReadyOrNot\Content\Paks\mod.io\3791\mods\4761012\pakchunk99-LastResort.pak
[01:02:43:478ms][Trace][File] Finish write to D:\Games\Ready or Not\ReadyOrNot\Content\Paks\mod.io\3791\mods\4761012\pakchunk99-LastResort.pak
[01:02:43:478ms][Trace][File] Begin write of 1822 bytes to D:\Games\Ready or Not\ReadyOrNot\Content\Paks\mod.io\3791\mods\4761012\pakchunk99-LastResort.pak
[01:02:43:478ms][Trace][File] Finish write to D:\Games\Ready or Not\ReadyOrNot\Content\Paks\mod.io\3791\mods\4761012\pakchunk99-LastResort.pak
[01:02:43:478ms][Trace][File] Begin read of 65536 bytes from C:\Users\SAPTAR~1\AppData\Local\Temp\lastresort_ron_101_wreadme.zip
[01:02:43:494ms][Trace][File] Finish read from C:\Users\SAPTAR~1\AppData\Local\Temp\lastresort_ron_101_wreadme.zip
[01:02:43:494ms][Trace][File] Begin write of 65536 bytes to D:\Games\Ready or Not\ReadyOrNot\Content\Paks\mod.io\3791\mods\4761012\pakchunk99-LastResort.pak
[01:02:43:495ms][Trace][File] Finish write to D:\Games\Ready or Not\ReadyOrNot\Content\Paks\mod.io\3791\mods\4761012\pakchunk99-LastResort.pak
[01:02:43:495ms][Trace][File] Begin write of 2055 bytes to D:\Games\Ready or Not\ReadyOrNot\Content\Paks\mod.io\3791\mods\4761012\pakchunk99-LastResort.pak
[01:02:43:495ms][Trace][File] Finish write to D:\Games\Ready or Not\ReadyOrNot\Content\Paks\mod.io\3791\mods\4761012\pakchunk99-LastResort.pak
[01:02:43:495ms][Trace][File] Begin read of 65536 bytes from C:\Users\SAPTAR~1\AppData\Local\Temp\lastresort_ron_101_wreadme.zip
[01:02:43:511ms][Trace][File] Finish read from C:\Users\SAPTAR~1\AppData\Local\Temp\lastresort_ron_101_wreadme.zip
[01:02:43:527ms][Trace][File] Begin write of 65536 bytes to D:\Games\Ready or Not\ReadyOrNot\Content\Paks\mod.io\3791\mods\4761012\pakchunk99-LastResort.pak
[01:02:43:527ms][Trace][File] Finish write to D:\Games\Ready or Not\ReadyOrNot\Content\Paks\mod.io\3791\mods\4761012\pakchunk99-LastResort.pak
[01:02:43:528ms][Trace][File] Begin write of 6435 bytes to D:\Games\Ready or Not\ReadyOrNot\Content\Paks\mod.io\3791\mods\4761012\pakchunk99-LastResort.pak
[01:02:43:528ms][Trace][File] Finish write to D:\Games\Ready or Not\ReadyOrNot\Content\Paks\mod.io\3791\mods\4761012\pakchunk99-LastResort.pak
[01:02:43:528ms][Trace][File] Begin read of 65536 bytes from C:\Users\SAPTAR~1\AppData\Local\Temp\lastresort_ron_101_wreadme.zip
[01:02:43:544ms][Trace][File] Finish read from C:\Users\SAPTAR~1\AppData\Local\Temp\lastresort_ron_101_wreadme.zip
[01:02:43:544ms][Trace][File] Begin write of 65536 bytes to D:\Games\Ready or Not\ReadyOrNot\Content\Paks\mod.io\3791\mods\4761012\pakchunk99-LastResort.pak
[01:02:43:544ms][Trace][File] Finish write to D:\Games\Ready or Not\ReadyOrNot\Content\Paks\mod.io\3791\mods\4761012\pakchunk99-LastResort.pak
[01:02:43:544ms][Trace][File] Begin write of 2052 bytes to D:\Games\Ready or Not\ReadyOrNot\Content\Paks\mod.io\3791\mods\4761012\pakchunk99-LastResort.pak
[01:02:43:544ms][Trace][File] Finish write to D:\Games\Ready or Not\ReadyOrNot\Content\Paks\mod.io\3791\mods\4761012\pakchunk99-LastResort.pak
[01:02:43:544ms][Trace][File] Begin read of 65536 bytes from C:\Users\SAPTAR~1\AppData\Local\Temp\lastresort_ron_101_wreadme.zip
[01:02:43:560ms][Trace][File] Finish read from C:\Users\SAPTAR~1\AppData\Local\Temp\lastresort_ron_101_wreadme.zip
[01:02:43:561ms][Trace][File] Begin write of 65536 bytes to D:\Games\Ready or Not\ReadyOrNot\Content\Paks\mod.io\3791\mods\4761012\pakchunk99-LastResort.pak
[01:02:43:561ms][Trace][File] Finish write to D:\Games\Ready or Not\ReadyOrNot\Content\Paks\mod.io\3791\mods\4761012\pakchunk99-LastResort.pak
[01:02:43:561ms][Trace][File] Begin write of 1996 bytes to D:\Games\Ready or Not\ReadyOrNot\Content\Paks\mod.io\3791\mods\4761012\pakchunk99-LastResort.pak
[01:02:43:561ms][Trace][File] Finish write to D:\Games\Ready or Not\ReadyOrNot\Content\Paks\mod.io\3791\mods\4761012\pakchunk99-LastResort.pak
[01:02:43:561ms][Trace][File] Begin read of 65536 bytes from C:\Users\SAPTAR~1\AppData\Local\Temp\lastresort_ron_101_wreadme.zip
[01:02:43:577ms][Trace][File] Finish read from C:\Users\SAPTAR~1\AppData\Local\Temp\lastresort_ron_101_wreadme.zip
[01:02:43:577ms][Trace][File] Begin write of 65536 bytes to D:\Games\Ready or Not\ReadyOrNot\Content\Paks\mod.io\3791\mods\4761012\pakchunk99-LastResort.pak
[01:02:43:578ms][Trace][File] Finish write to D:\Games\Ready or Not\ReadyOrNot\Content\Paks\mod.io\3791\mods\4761012\pakchunk99-LastResort.pak
[01:02:43:578ms][Trace][File] Begin write of 1883 bytes to D:\Games\Ready or Not\ReadyOrNot\Content\Paks\mod.io\3791\mods\4761012\pakchunk99-LastResort.pak
[01:02:43:578ms][Trace][File] Finish write to D:\Games\Ready or Not\ReadyOrNot\Content\Paks\mod.io\3791\mods\4761012\pakchunk99-LastResort.pak
[01:02:43:578ms][Trace][File] Begin read of 65536 bytes from C:\Users\SAPTAR~1\AppData\Local\Temp\lastresort_ron_101_wreadme.zip
[01:02:43:593ms][Trace][File] Finish read from C:\Users\SAPTAR~1\AppData\Local\Temp\lastresort_ron_101_wreadme.zip
[01:02:43:594ms][Trace][File] Begin write of 65536 bytes to D:\Games\Ready or Not\ReadyOrNot\Content\Paks\mod.io\3791\mods\4761012\pakchunk99-LastResort.pak
[01:02:43:594ms][Trace][File] Finish write to D:\Games\Ready or Not\ReadyOrNot\Content\Paks\mod.io\3791\mods\4761012\pakchunk99-LastResort.pak
[01:02:43:594ms][Trace][File] Begin write of 2085 bytes to D:\Games\Ready or Not\ReadyOrNot\Content\Paks\mod.io\3791\mods\4761012\pakchunk99-LastResort.pak
[01:02:43:594ms][Trace][File] Finish write to D:\Games\Ready or Not\ReadyOrNot\Content\Paks\mod.io\3791\mods\4761012\pakchunk99-LastResort.pak
[01:02:43:594ms][Trace][File] Begin read of 65536 bytes from C:\Users\SAPTAR~1\AppData\Local\Temp\lastresort_ron_101_wreadme.zip
[01:02:43:610ms][Trace][File] Finish read from C:\Users\SAPTAR~1\AppData\Local\Temp\lastresort_ron_101_wreadme.zip
[01:02:43:610ms][Trace][File] Begin write of 65536 bytes to D:\Games\Ready or Not\ReadyOrNot\Content\Paks\mod.io\3791\mods\4761012\pakchunk99-LastResort.pak
[01:02:43:611ms][Trace][File] Finish write to D:\Games\Ready or Not\ReadyOrNot\Content\Paks\mod.io\3791\mods\4761012\pakchunk99-LastResort.pak
[01:02:43:611ms][Trace][File] Begin write of 1683 bytes to D:\Games\Ready or Not\ReadyOrNot\Content\Paks\mod.io\3791\mods\4761012\pakchunk99-LastResort.pak
[01:02:43:611ms][Trace][File] Finish write to D:\Games\Ready or Not\ReadyOrNot\Content\Paks\mod.io\3791\mods\4761012\pakchunk99-LastResort.pak
[01:02:43:611ms][Trace][File] Begin read of 65536 bytes from C:\Users\SAPTAR~1\AppData\Local\Temp\lastresort_ron_101_wreadme.zip
[01:02:43:627ms][Trace][File] Finish read from C:\Users\SAPTAR~1\AppData\Local\Temp\lastresort_ron_101_wreadme.zip
[01:02:43:627ms][Trace][File] Begin write of 65536 bytes to D:\Games\Ready or Not\ReadyOrNot\Content\Paks\mod.io\3791\mods\4761012\pakchunk99-LastResort.pak
[01:02:43:627ms][Trace][File] Finish write to D:\Games\Ready or Not\ReadyOrNot\Content\Paks\mod.io\3791\mods\4761012\pakchunk99-LastResort.pak
[01:02:43:627ms][Trace][File] Begin write of 3340 bytes to D:\Games\Ready or Not\ReadyOrNot\Content\Paks\mod.io\3791\mods\4761012\pakchunk99-LastResort.pak
[01:02:43:627ms][Trace][File] Finish write to D:\Games\Ready or Not\ReadyOrNot\Content\Paks\mod.io\3791\mods\4761012\pakchunk99-LastResort.pak
[01:02:43:627ms][Trace][File] Begin read of 65536 bytes from C:\Users\SAPTAR~1\AppData\Local\Temp\lastresort_ron_101_wreadme.zip
[01:02:43:643ms][Trace][File] Finish read from C:\Users\SAPTAR~1\AppData\Local\Temp\lastresort_ron_101_wreadme.zip
[01:02:43:644ms][Trace][File] Begin write of 65536 bytes to D:\Games\Ready or Not\ReadyOrNot\Content\Paks\mod.io\3791\mods\4761012\pakchunk99-LastResort.pak
[01:02:43:644ms][Trace][File] Finish write to D:\Games\Ready or Not\ReadyOrNot\Content\Paks\mod.io\3791\mods\4761012\pakchunk99-LastResort.pak
[01:02:43:644ms][Trace][File] Begin write of 1413 bytes to D:\Games\Ready or Not\ReadyOrNot\Content\Paks\mod.io\3791\mods\4761012\pakchunk99-LastResort.pak
[01:02:43:644ms][Trace][File] Finish write to D:\Games\Ready or Not\ReadyOrNot\Content\Paks\mod.io\3791\mods\4761012\pakchunk99-LastResort.pak
[01:02:43:644ms][Trace][File] Begin read of 65536 bytes from C:\Users\SAPTAR~1\AppData\Local\Temp\lastresort_ron_101_wreadme.zip
[01:02:43:644ms][Trace][File] Finish read from C:\Users\SAPTAR~1\AppData\Local\Temp\lastresort_ron_101_wreadme.zip
[01:02:43:660ms][Trace][File] Begin write of 65536 bytes to D:\Games\Ready or Not\ReadyOrNot\Content\Paks\mod.io\3791\mods\4761012\pakchunk99-LastResort.pak
[01:02:43:660ms][Trace][File] Finish write to D:\Games\Ready or Not\ReadyOrNot\Content\Paks\mod.io\3791\mods\4761012\pakchunk99-LastResort.pak
[01:02:43:660ms][Trace][File] Begin write of 1879 bytes to D:\Games\Ready or Not\ReadyOrNot\Content\Paks\mod.io\3791\mods\4761012\pakchunk99-LastResort.pak
[01:02:43:660ms][Trace][File] Finish write to D:\Games\Ready or Not\ReadyOrNot\Content\Paks\mod.io\3791\mods\4761012\pakchunk99-LastResort.pak
[01:02:43:660ms][Trace][File] Begin read of 65536 bytes from C:\Users\SAPTAR~1\AppData\Local\Temp\lastresort_ron_101_wreadme.zip
[01:02:43:661ms][Trace][File] Finish read from C:\Users\SAPTAR~1\AppData\Local\Temp\lastresort_ron_101_wreadme.zip
[01:02:43:677ms][Trace][File] Begin write of 65536 bytes to D:\Games\Ready or Not\ReadyOrNot\Content\Paks\mod.io\3791\mods\4761012\pakchunk99-LastResort.pak
[01:02:43:677ms][Trace][File] Finish write to D:\Games\Ready or Not\ReadyOrNot\Content\Paks\mod.io\3791\mods\4761012\pakchunk99-LastResort.pak
[01:02:43:677ms][Trace][File] Begin write of 1704 bytes to D:\Games\Ready or Not\ReadyOrNot\Content\Paks\mod.io\3791\mods\4761012\pakchunk99-LastResort.pak
[01:02:43:677ms][Trace][File] Finish write to D:\Games\Ready or Not\ReadyOrNot\Content\Paks\mod.io\3791\mods\4761012\pakchunk99-LastResort.pak
[01:02:43:677ms][Trace][File] Begin read of 65536 bytes from C:\Users\SAPTAR~1\AppData\Local\Temp\lastresort_ron_101_wreadme.zip
[01:02:43:677ms][Trace][File] Finish read from C:\Users\SAPTAR~1\AppData\Local\Temp\lastresort_ron_101_wreadme.zip
[01:02:43:678ms][Trace][File] Begin write of 65536 bytes to D:\Games\Ready or Not\ReadyOrNot\Content\Paks\mod.io\3791\mods\4761012\pakchunk99-LastResort.pak
[01:02:43:678ms][Trace][File] Finish write to D:\Games\Ready or Not\ReadyOrNot\Content\Paks\mod.io\3791\mods\4761012\pakchunk99-LastResort.pak
[01:02:43:678ms][Trace][File] Begin write of 3020 bytes to D:\Games\Ready or Not\ReadyOrNot\Content\Paks\mod.io\3791\mods\4761012\pakchunk99-LastResort.pak
[01:02:43:678ms][Trace][File] Finish write to D:\Games\Ready or Not\ReadyOrNot\Content\Paks\mod.io\3791\mods\4761012\pakchunk99-LastResort.pak
[01:02:43:678ms][Trace][File] Begin read of 65536 bytes from C:\Users\SAPTAR~1\AppData\Local\Temp\lastresort_ron_101_wreadme.zip
[01:02:43:693ms][Trace][File] Finish read from C:\Users\SAPTAR~1\AppData\Local\Temp\lastresort_ron_101_wreadme.zip
[01:02:43:694ms][Trace][File] Begin write of 65536 bytes to D:\Games\Ready or Not\ReadyOrNot\Content\Paks\mod.io\3791\mods\4761012\pakchunk99-LastResort.pak
[01:02:43:694ms][Trace][File] Finish write to D:\Games\Ready or Not\ReadyOrNot\Content\Paks\mod.io\3791\mods\4761012\pakchunk99-LastResort.pak
[01:02:43:694ms][Trace][File] Begin write of 2470 bytes to D:\Games\Ready or Not\ReadyOrNot\Content\Paks\mod.io\3791\mods\4761012\pakchunk99-LastResort.pak
[01:02:43:694ms][Trace][File] Finish write to D:\Games\Ready or Not\ReadyOrNot\Content\Paks\mod.io\3791\mods\4761012\pakchunk99-LastResort.pak
[01:02:43:694ms][Trace][File] Begin read of 65536 bytes from C:\Users\SAPTAR~1\AppData\Local\Temp\lastresort_ron_101_wreadme.zip
[01:02:43:694ms][Trace][File] Finish read from C:\Users\SAPTAR~1\AppData\Local\Temp\lastresort_ron_101_wreadme.zip
[01:02:43:710ms][Trace][File] Begin write of 65536 bytes to D:\Games\Ready or Not\ReadyOrNot\Content\Paks\mod.io\3791\mods\4761012\pakchunk99-LastResort.pak
[01:02:43:710ms][Trace][File] Finish write to D:\Games\Ready or Not\ReadyOrNot\Content\Paks\mod.io\3791\mods\4761012\pakchunk99-LastResort.pak
[01:02:43:710ms][Trace][File] Begin write of 2179 bytes to D:\Games\Ready or Not\ReadyOrNot\Content\Paks\mod.io\3791\mods\4761012\pakchunk99-LastResort.pak
[01:02:43:710ms][Trace][File] Finish write to D:\Games\Ready or Not\ReadyOrNot\Content\Paks\mod.io\3791\mods\4761012\pakchunk99-LastResort.pak
[01:02:43:710ms][Trace][File] Begin read of 65536 bytes from C:\Users\SAPTAR~1\AppData\Local\Temp\lastresort_ron_101_wreadme.zip
[01:02:43:711ms][Trace][File] Finish read from C:\Users\SAPTAR~1\AppData\Local\Temp\lastresort_ron_101_wreadme.zip
[01:02:43:727ms][Trace][File] Begin write of 65536 bytes to D:\Games\Ready or Not\ReadyOrNot\Content\Paks\mod.io\3791\mods\4761012\pakchunk99-LastResort.pak
[01:02:43:727ms][Trace][File] Finish write to D:\Games\Ready or Not\ReadyOrNot\Content\Paks\mod.io\3791\mods\4761012\pakchunk99-LastResort.pak
[01:02:43:727ms][Trace][File] Begin write of 1580 bytes to D:\Games\Ready or Not\ReadyOrNot\Content\Paks\mod.io\3791\mods\4761012\pakchunk99-LastResort.pak
[01:02:43:727ms][Trace][File] Finish write to D:\Games\Ready or Not\ReadyOrNot\Content\Paks\mod.io\3791\mods\4761012\pakchunk99-LastResort.pak
[01:02:43:727ms][Trace][File] Begin read of 65536 bytes from C:\Users\SAPTAR~1\AppData\Local\Temp\lastresort_ron_101_wreadme.zip
[01:02:43:728ms][Trace][File] Finish read from C:\Users\SAPTAR~1\AppData\Local\Temp\lastresort_ron_101_wreadme.zip
[01:02:43:744ms][Trace][File] Begin write of 65536 bytes to D:\Games\Ready or Not\ReadyOrNot\Content\Paks\mod.io\3791\mods\4761012\pakchunk99-LastResort.pak
[01:02:43:744ms][Trace][File] Finish write to D:\Games\Ready or Not\ReadyOrNot\Content\Paks\mod.io\3791\mods\4761012\pakchunk99-LastResort.pak
[01:02:43:744ms][Trace][File] Begin write of 2142 bytes to D:\Games\Ready or Not\ReadyOrNot\Content\Paks\mod.io\3791\mods\4761012\pakchunk99-LastResort.pak
[01:02:43:744ms][Trace][File] Finish write to D:\Games\Ready or Not\ReadyOrNot\Content\Paks\mod.io\3791\mods\4761012\pakchunk99-LastResort.pak
[01:02:43:744ms][Trace][File] Begin read of 65536 bytes from C:\Users\SAPTAR~1\AppData\Local\Temp\lastresort_ron_101_wreadme.zip
[01:02:43:744ms][Trace][File] Finish read from C:\Users\SAPTAR~1\AppData\Local\Temp\lastresort_ron_101_wreadme.zip
[01:02:43:744ms][Trace][File] Begin write of 65536 bytes to D:\Games\Ready or Not\ReadyOrNot\Content\Paks\mod.io\3791\mods\4761012\pakchunk99-LastResort.pak
[01:02:43:744ms][Trace][File] Finish write to D:\Games\Ready or Not\ReadyOrNot\Content\Paks\mod.io\3791\mods\4761012\pakchunk99-LastResort.pak
[01:02:43:744ms][Trace][File] Begin write of 467 bytes to D:\Games\Ready or Not\ReadyOrNot\Content\Paks\mod.io\3791\mods\4761012\pakchunk99-LastResort.pak
[01:02:43:744ms][Trace][File] Finish write to D:\Games\Ready or Not\ReadyOrNot\Content\Paks\mod.io\3791\mods\4761012\pakchunk99-LastResort.pak
[01:02:43:744ms][Trace][File] Begin read of 65536 bytes from C:\Users\SAPTAR~1\AppData\Local\Temp\lastresort_ron_101_wreadme.zip
[01:02:43:760ms][Trace][File] Finish read from C:\Users\SAPTAR~1\AppData\Local\Temp\lastresort_ron_101_wreadme.zip
[01:02:43:760ms][Trace][File] Begin write of 65536 bytes to D:\Games\Ready or Not\ReadyOrNot\Content\Paks\mod.io\3791\mods\4761012\pakchunk99-LastResort.pak
[01:02:43:760ms][Trace][File] Finish write to D:\Games\Ready or Not\ReadyOrNot\Content\Paks\mod.io\3791\mods\4761012\pakchunk99-LastResort.pak
[01:02:43:760ms][Trace][File] Begin write of 1483 bytes to D:\Games\Ready or Not\ReadyOrNot\Content\Paks\mod.io\3791\mods\4761012\pakchunk99-LastResort.pak
[01:02:43:760ms][Trace][File] Finish write to D:\Games\Ready or Not\ReadyOrNot\Content\Paks\mod.io\3791\mods\4761012\pakchunk99-LastResort.pak
[01:02:43:760ms][Trace][File] Begin read of 65536 bytes from C:\Users\SAPTAR~1\AppData\Local\Temp\lastresort_ron_101_wreadme.zip
[01:02:43:761ms][Trace][File] Finish read from C:\Users\SAPTAR~1\AppData\Local\Temp\lastresort_ron_101_wreadme.zip
[01:02:43:777ms][Trace][File] Begin write of 65536 bytes to D:\Games\Ready or Not\ReadyOrNot\Content\Paks\mod.io\3791\mods\4761012\pakchunk99-LastResort.pak
[01:02:43:777ms][Trace][File] Finish write to D:\Games\Ready or Not\ReadyOrNot\Content\Paks\mod.io\3791\mods\4761012\pakchunk99-LastResort.pak
[01:02:43:777ms][Trace][File] Begin write of 2685 bytes to D:\Games\Ready or Not\ReadyOrNot\Content\Paks\mod.io\3791\mods\4761012\pakchunk99-LastResort.pak
[01:02:43:777ms][Trace][File] Finish write to D:\Games\Ready or Not\ReadyOrNot\Content\Paks\mod.io\3791\mods\4761012\pakchunk99-LastResort.pak
[01:02:43:777ms][Trace][File] Begin read of 65536 bytes from C:\Users\SAPTAR~1\AppData\Local\Temp\lastresort_ron_101_wreadme.zip
[01:02:43:778ms][Trace][File] Finish read from C:\Users\SAPTAR~1\AppData\Local\Temp\lastresort_ron_101_wreadme.zip
[01:02:43:793ms][Trace][File] Begin write of 65536 bytes to D:\Games\Ready or Not\ReadyOrNot\Content\Paks\mod.io\3791\mods\4761012\pakchunk99-LastResort.pak
[01:02:43:794ms][Trace][File] Finish write to D:\Games\Ready or Not\ReadyOrNot\Content\Paks\mod.io\3791\mods\4761012\pakchunk99-LastResort.pak
[01:02:43:794ms][Trace][File] Begin write of 1930 bytes to D:\Games\Ready or Not\ReadyOrNot\Content\Paks\mod.io\3791\mods\4761012\pakchunk99-LastResort.pak
[01:02:43:794ms][Trace][File] Finish write to D:\Games\Ready or Not\ReadyOrNot\Content\Paks\mod.io\3791\mods\4761012\pakchunk99-LastResort.pak
[01:02:43:794ms][Trace][File] Begin read of 65536 bytes from C:\Users\SAPTAR~1\AppData\Local\Temp\lastresort_ron_101_wreadme.zip
[01:02:43:794ms][Trace][File] Finish read from C:\Users\SAPTAR~1\AppData\Local\Temp\lastresort_ron_101_wreadme.zip
[01:02:43:794ms][Trace][File] Begin write of 65536 bytes to D:\Games\Ready or Not\ReadyOrNot\Content\Paks\mod.io\3791\mods\4761012\pakchunk99-LastResort.pak
[01:02:43:794ms][Trace][File] Finish write to D:\Games\Ready or Not\ReadyOrNot\Content\Paks\mod.io\3791\mods\4761012\pakchunk99-LastResort.pak
[01:02:43:794ms][Trace][File] Begin write of 2695 bytes to D:\Games\Ready or Not\ReadyOrNot\Content\Paks\mod.io\3791\mods\4761012\pakchunk99-LastResort.pak
[01:02:43:794ms][Trace][File] Finish write to D:\Games\Ready or Not\ReadyOrNot\Content\Paks\mod.io\3791\mods\4761012\pakchunk99-LastResort.pak
[01:02:43:794ms][Trace][File] Begin read of 65536 bytes from C:\Users\SAPTAR~1\AppData\Local\Temp\lastresort_ron_101_wreadme.zip
[01:02:43:810ms][Trace][File] Finish read from C:\Users\SAPTAR~1\AppData\Local\Temp\lastresort_ron_101_wreadme.zip
[01:02:43:810ms][Trace][File] Begin write of 65536 bytes to D:\Games\Ready or Not\ReadyOrNot\Content\Paks\mod.io\3791\mods\4761012\pakchunk99-LastResort.pak
[01:02:43:810ms][Trace][File] Finish write to D:\Games\Ready or Not\ReadyOrNot\Content\Paks\mod.io\3791\mods\4761012\pakchunk99-LastResort.pak
[01:02:43:810ms][Trace][File] Begin write of 1613 bytes to D:\Games\Ready or Not\ReadyOrNot\Content\Paks\mod.io\3791\mods\4761012\pakchunk99-LastResort.pak
[01:02:43:810ms][Trace][File] Finish write to D:\Games\Ready or Not\ReadyOrNot\Content\Paks\mod.io\3791\mods\4761012\pakchunk99-LastResort.pak
[01:02:43:811ms][Trace][File] Begin read of 65536 bytes from C:\Users\SAPTAR~1\AppData\Local\Temp\lastresort_ron_101_wreadme.zip
[01:02:43:827ms][Trace][File] Finish read from C:\Users\SAPTAR~1\AppData\Local\Temp\lastresort_ron_101_wreadme.zip
[01:02:43:827ms][Trace][File] Begin write of 65536 bytes to D:\Games\Ready or Not\ReadyOrNot\Content\Paks\mod.io\3791\mods\4761012\pakchunk99-LastResort.pak
[01:02:43:827ms][Trace][File] Finish write to D:\Games\Ready or Not\ReadyOrNot\Content\Paks\mod.io\3791\mods\4761012\pakchunk99-LastResort.pak
[01:02:43:827ms][Trace][File] Begin write of 2960 bytes to D:\Games\Ready or Not\ReadyOrNot\Content\Paks\mod.io\3791\mods\4761012\pakchunk99-LastResort.pak
[01:02:43:827ms][Trace][File] Finish write to D:\Games\Ready or Not\ReadyOrNot\Content\Paks\mod.io\3791\mods\4761012\pakchunk99-LastResort.pak
[01:02:43:827ms][Trace][File] Begin read of 65536 bytes from C:\Users\SAPTAR~1\AppData\Local\Temp\lastresort_ron_101_wreadme.zip
[01:02:43:844ms][Trace][File] Finish read from C:\Users\SAPTAR~1\AppData\Local\Temp\lastresort_ron_101_wreadme.zip
[01:02:43:844ms][Trace][File] Begin write of 65536 bytes to D:\Games\Ready or Not\ReadyOrNot\Content\Paks\mod.io\3791\mods\4761012\pakchunk99-LastResort.pak
[01:02:43:844ms][Trace][File] Finish write to D:\Games\Ready or Not\ReadyOrNot\Content\Paks\mod.io\3791\mods\4761012\pakchunk99-LastResort.pak
[01:02:43:844ms][Trace][File] Begin write of 1798 bytes to D:\Games\Ready or Not\ReadyOrNot\Content\Paks\mod.io\3791\mods\4761012\pakchunk99-LastResort.pak
[01:02:43:844ms][Trace][File] Finish write to D:\Games\Ready or Not\ReadyOrNot\Content\Paks\mod.io\3791\mods\4761012\pakchunk99-LastResort.pak
[01:02:43:844ms][Trace][File] Begin read of 65536 bytes from C:\Users\SAPTAR~1\AppData\Local\Temp\lastresort_ron_101_wreadme.zip
[01:02:43:860ms][Trace][File] Finish read from C:\Users\SAPTAR~1\AppData\Local\Temp\lastresort_ron_101_wreadme.zip
[01:02:43:860ms][Trace][File] Begin write of 65536 bytes to D:\Games\Ready or Not\ReadyOrNot\Content\Paks\mod.io\3791\mods\4761012\pakchunk99-LastResort.pak
[01:02:43:860ms][Trace][File] Finish write to D:\Games\Ready or Not\ReadyOrNot\Content\Paks\mod.io\3791\mods\4761012\pakchunk99-LastResort.pak
[01:02:43:860ms][Trace][File] Begin write of 2045 bytes to D:\Games\Ready or Not\ReadyOrNot\Content\Paks\mod.io\3791\mods\4761012\pakchunk99-LastResort.pak
[01:02:43:860ms][Trace][File] Finish write to D:\Games\Ready or Not\ReadyOrNot\Content\Paks\mod.io\3791\mods\4761012\pakchunk99-LastResort.pak
[01:02:43:860ms][Trace][File] Begin read of 65536 bytes from C:\Users\SAPTAR~1\AppData\Local\Temp\lastresort_ron_101_wreadme.zip
[01:02:43:877ms][Trace][File] Finish read from C:\Users\SAPTAR~1\AppData\Local\Temp\lastresort_ron_101_wreadme.zip
[01:02:43:877ms][Trace][File] Begin write of 65536 bytes to D:\Games\Ready or Not\ReadyOrNot\Content\Paks\mod.io\3791\mods\4761012\pakchunk99-LastResort.pak
[01:02:43:877ms][Trace][File] Finish write to D:\Games\Ready or Not\ReadyOrNot\Content\Paks\mod.io\3791\mods\4761012\pakchunk99-LastResort.pak
[01:02:43:877ms][Trace][File] Begin write of 1693 bytes to D:\Games\Ready or Not\ReadyOrNot\Content\Paks\mod.io\3791\mods\4761012\pakchunk99-LastResort.pak
[01:02:43:877ms][Trace][File] Finish write to D:\Games\Ready or Not\ReadyOrNot\Content\Paks\mod.io\3791\mods\4761012\pakchunk99-LastResort.pak
[01:02:43:877ms][Trace][File] Begin read of 65536 bytes from C:\Users\SAPTAR~1\AppData\Local\Temp\lastresort_ron_101_wreadme.zip
[01:02:43:893ms][Trace][File] Finish read from C:\Users\SAPTAR~1\AppData\Local\Temp\lastresort_ron_101_wreadme.zip
[01:02:43:894ms][Trace][File] Begin write of 65536 bytes to D:\Games\Ready or Not\ReadyOrNot\Content\Paks\mod.io\3791\mods\4761012\pakchunk99-LastResort.pak
[01:02:43:894ms][Trace][File] Finish write to D:\Games\Ready or Not\ReadyOrNot\Content\Paks\mod.io\3791\mods\4761012\pakchunk99-LastResort.pak
[01:02:43:894ms][Trace][File] Begin write of 1584 bytes to D:\Games\Ready or Not\ReadyOrNot\Content\Paks\mod.io\3791\mods\4761012\pakchunk99-LastResort.pak
[01:02:43:894ms][Trace][File] Finish write to D:\Games\Ready or Not\ReadyOrNot\Content\Paks\mod.io\3791\mods\4761012\pakchunk99-LastResort.pak
[01:02:43:894ms][Trace][File] Begin read of 65536 bytes from C:\Users\SAPTAR~1\AppData\Local\Temp\lastresort_ron_101_wreadme.zip
[01:02:43:910ms][Trace][File] Finish read from C:\Users\SAPTAR~1\AppData\Local\Temp\lastresort_ron_101_wreadme.zip
[01:02:43:910ms][Trace][File] Begin write of 65536 bytes to D:\Games\Ready or Not\ReadyOrNot\Content\Paks\mod.io\3791\mods\4761012\pakchunk99-LastResort.pak
[01:02:43:910ms][Trace][File] Finish write to D:\Games\Ready or Not\ReadyOrNot\Content\Paks\mod.io\3791\mods\4761012\pakchunk99-LastResort.pak
[01:02:43:910ms][Trace][File] Begin write of 1221 bytes to D:\Games\Ready or Not\ReadyOrNot\Content\Paks\mod.io\3791\mods\4761012\pakchunk99-LastResort.pak
[01:02:43:910ms][Trace][File] Finish write to D:\Games\Ready or Not\ReadyOrNot\Content\Paks\mod.io\3791\mods\4761012\pakchunk99-LastResort.pak
[01:02:43:910ms][Trace][File] Begin read of 65536 bytes from C:\Users\SAPTAR~1\AppData\Local\Temp\lastresort_ron_101_wreadme.zip
[01:02:43:911ms][Trace][File] Finish read from C:\Users\SAPTAR~1\AppData\Local\Temp\lastresort_ron_101_wreadme.zip
[01:02:43:927ms][Trace][File] Begin write of 65536 bytes to D:\Games\Ready or Not\ReadyOrNot\Content\Paks\mod.io\3791\mods\4761012\pakchunk99-LastResort.pak
[01:02:43:927ms][Trace][File] Finish write to D:\Games\Ready or Not\ReadyOrNot\Content\Paks\mod.io\3791\mods\4761012\pakchunk99-LastResort.pak
[01:02:43:927ms][Trace][File] Begin write of 1974 bytes to D:\Games\Ready or Not\ReadyOrNot\Content\Paks\mod.io\3791\mods\4761012\pakchunk99-LastResort.pak
[01:02:43:927ms][Trace][File] Finish write to D:\Games\Ready or Not\ReadyOrNot\Content\Paks\mod.io\3791\mods\4761012\pakchunk99-LastResort.pak
[01:02:43:927ms][Trace][File] Begin read of 65536 bytes from C:\Users\SAPTAR~1\AppData\Local\Temp\lastresort_ron_101_wreadme.zip
[01:02:43:927ms][Trace][File] Finish read from C:\Users\SAPTAR~1\AppData\Local\Temp\lastresort_ron_101_wreadme.zip
[01:02:43:943ms][Trace][File] Begin write of 65536 bytes to D:\Games\Ready or Not\ReadyOrNot\Content\Paks\mod.io\3791\mods\4761012\pakchunk99-LastResort.pak
[01:02:43:944ms][Trace][File] Finish write to D:\Games\Ready or Not\ReadyOrNot\Content\Paks\mod.io\3791\mods\4761012\pakchunk99-LastResort.pak
[01:02:43:944ms][Trace][File] Begin write of 1795 bytes to D:\Games\Ready or Not\ReadyOrNot\Content\Paks\mod.io\3791\mods\4761012\pakchunk99-LastResort.pak
[01:02:43:944ms][Trace][File] Finish write to D:\Games\Ready or Not\ReadyOrNot\Content\Paks\mod.io\3791\mods\4761012\pakchunk99-LastResort.pak
[01:02:43:944ms][Trace][File] Begin read of 65536 bytes from C:\Users\SAPTAR~1\AppData\Local\Temp\lastresort_ron_101_wreadme.zip
[01:02:43:944ms][Trace][File] Finish read from C:\Users\SAPTAR~1\AppData\Local\Temp\lastresort_ron_101_wreadme.zip
[01:02:43:960ms][Trace][File] Begin write of 65536 bytes to D:\Games\Ready or Not\ReadyOrNot\Content\Paks\mod.io\3791\mods\4761012\pakchunk99-LastResort.pak
[01:02:43:960ms][Trace][File] Finish write to D:\Games\Ready or Not\ReadyOrNot\Content\Paks\mod.io\3791\mods\4761012\pakchunk99-LastResort.pak
[01:02:43:960ms][Trace][File] Begin write of 1765 bytes to D:\Games\Ready or Not\ReadyOrNot\Content\Paks\mod.io\3791\mods\4761012\pakchunk99-LastResort.pak
[01:02:43:960ms][Trace][File] Finish write to D:\Games\Ready or Not\ReadyOrNot\Content\Paks\mod.io\3791\mods\4761012\pakchunk99-LastResort.pak
[01:02:43:960ms][Trace][File] Begin read of 65536 bytes from C:\Users\SAPTAR~1\AppData\Local\Temp\lastresort_ron_101_wreadme.zip
[01:02:43:961ms][Trace][File] Finish read from C:\Users\SAPTAR~1\AppData\Local\Temp\lastresort_ron_101_wreadme.zip
[01:02:43:961ms][Trace][File] Begin write of 65536 bytes to D:\Games\Ready or Not\ReadyOrNot\Content\Paks\mod.io\3791\mods\4761012\pakchunk99-LastResort.pak
[01:02:43:961ms][Trace][File] Finish write to D:\Games\Ready or Not\ReadyOrNot\Content\Paks\mod.io\3791\mods\4761012\pakchunk99-LastResort.pak
[01:02:43:977ms][Trace][File] Begin write of 2377 bytes to D:\Games\Ready or Not\ReadyOrNot\Content\Paks\mod.io\3791\mods\4761012\pakchunk99-LastResort.pak
[01:02:43:977ms][Trace][File] Finish write to D:\Games\Ready or Not\ReadyOrNot\Content\Paks\mod.io\3791\mods\4761012\pakchunk99-LastResort.pak
[01:02:43:977ms][Trace][File] Begin read of 65536 bytes from C:\Users\SAPTAR~1\AppData\Local\Temp\lastresort_ron_101_wreadme.zip
[01:02:43:977ms][Trace][File] Finish read from C:\Users\SAPTAR~1\AppData\Local\Temp\lastresort_ron_101_wreadme.zip
[01:02:43:978ms][Trace][File] Begin write of 65536 bytes to D:\Games\Ready or Not\ReadyOrNot\Content\Paks\mod.io\3791\mods\4761012\pakchunk99-LastResort.pak
[01:02:43:978ms][Trace][File] Finish write to D:\Games\Ready or Not\ReadyOrNot\Content\Paks\mod.io\3791\mods\4761012\pakchunk99-LastResort.pak
[01:02:43:993ms][Trace][File] Begin write of 1844 bytes to D:\Games\Ready or Not\ReadyOrNot\Content\Paks\mod.io\3791\mods\4761012\pakchunk99-LastResort.pak
[01:02:43:993ms][Trace][File] Finish write to D:\Games\Ready or Not\ReadyOrNot\Content\Paks\mod.io\3791\mods\4761012\pakchunk99-LastResort.pak
[01:02:43:993ms][Trace][File] Begin read of 65536 bytes from C:\Users\SAPTAR~1\AppData\Local\Temp\lastresort_ron_101_wreadme.zip
[01:02:43:994ms][Trace][File] Finish read from C:\Users\SAPTAR~1\AppData\Local\Temp\lastresort_ron_101_wreadme.zip
[01:02:43:994ms][Trace][File] Begin write of 65536 bytes to D:\Games\Ready or Not\ReadyOrNot\Content\Paks\mod.io\3791\mods\4761012\pakchunk99-LastResort.pak
[01:02:43:994ms][Trace][File] Finish write to D:\Games\Ready or Not\ReadyOrNot\Content\Paks\mod.io\3791\mods\4761012\pakchunk99-LastResort.pak
[01:02:43:994ms][Trace][File] Begin write of 6082 bytes to D:\Games\Ready or Not\ReadyOrNot\Content\Paks\mod.io\3791\mods\4761012\pakchunk99-LastResort.pak
[01:02:43:994ms][Trace][File] Finish write to D:\Games\Ready or Not\ReadyOrNot\Content\Paks\mod.io\3791\mods\4761012\pakchunk99-LastResort.pak
[01:02:43:994ms][Trace][File] Begin read of 65536 bytes from C:\Users\SAPTAR~1\AppData\Local\Temp\lastresort_ron_101_wreadme.zip
[01:02:44:10ms][Trace][File] Finish read from C:\Users\SAPTAR~1\AppData\Local\Temp\lastresort_ron_101_wreadme.zip
[01:02:44:10ms][Trace][File] Begin write of 65536 bytes to D:\Games\Ready or Not\ReadyOrNot\Content\Paks\mod.io\3791\mods\4761012\pakchunk99-LastResort.pak
[01:02:44:11ms][Trace][File] Finish write to D:\Games\Ready or Not\ReadyOrNot\Content\Paks\mod.io\3791\mods\4761012\pakchunk99-LastResort.pak
[01:02:44:11ms][Trace][File] Begin write of 1822 bytes to D:\Games\Ready or Not\ReadyOrNot\Content\Paks\mod.io\3791\mods\4761012\pakchunk99-LastResort.pak
[01:02:44:11ms][Trace][File] Finish write to D:\Games\Ready or Not\ReadyOrNot\Content\Paks\mod.io\3791\mods\4761012\pakchunk99-LastResort.pak
[01:02:44:11ms][Trace][File] Begin read of 65536 bytes from C:\Users\SAPTAR~1\AppData\Local\Temp\lastresort_ron_101_wreadme.zip
[01:02:44:11ms][Trace][File] Finish read from C:\Users\SAPTAR~1\AppData\Local\Temp\lastresort_ron_101_wreadme.zip
[01:02:44:27ms][Trace][File] Begin write of 65536 bytes to D:\Games\Ready or Not\ReadyOrNot\Content\Paks\mod.io\3791\mods\4761012\pakchunk99-LastResort.pak
[01:02:44:27ms][Trace][File] Finish write to D:\Games\Ready or Not\ReadyOrNot\Content\Paks\mod.io\3791\mods\4761012\pakchunk99-LastResort.pak
[01:02:44:27ms][Trace][File] Begin write of 2127 bytes to D:\Games\Ready or Not\ReadyOrNot\Content\Paks\mod.io\3791\mods\4761012\pakchunk99-LastResort.pak
[01:02:44:27ms][Trace][File] Finish write to D:\Games\Ready or Not\ReadyOrNot\Content\Paks\mod.io\3791\mods\4761012\pakchunk99-LastResort.pak
[01:02:44:27ms][Trace][File] Begin read of 65536 bytes from C:\Users\SAPTAR~1\AppData\Local\Temp\lastresort_ron_101_wreadme.zip
[01:02:44:28ms][Trace][File] Finish read from C:\Users\SAPTAR~1\AppData\Local\Temp\lastresort_ron_101_wreadme.zip
[01:02:44:44ms][Trace][File] Begin write of 65536 bytes to D:\Games\Ready or Not\ReadyOrNot\Content\Paks\mod.io\3791\mods\4761012\pakchunk99-LastResort.pak
[01:02:44:44ms][Trace][File] Finish write to D:\Games\Ready or Not\ReadyOrNot\Content\Paks\mod.io\3791\mods\4761012\pakchunk99-LastResort.pak
[01:02:44:44ms][Trace][File] Begin write of 1739 bytes to D:\Games\Ready or Not\ReadyOrNot\Content\Paks\mod.io\3791\mods\4761012\pakchunk99-LastResort.pak
[01:02:44:44ms][Trace][File] Finish write to D:\Games\Ready or Not\ReadyOrNot\Content\Paks\mod.io\3791\mods\4761012\pakchunk99-LastResort.pak
[01:02:44:44ms][Trace][File] Begin read of 65536 bytes from C:\Users\SAPTAR~1\AppData\Local\Temp\lastresort_ron_101_wreadme.zip
[01:02:44:44ms][Trace][File] Finish read from C:\Users\SAPTAR~1\AppData\Local\Temp\lastresort_ron_101_wreadme.zip
[01:02:44:44ms][Trace][File] Begin write of 65536 bytes to D:\Games\Ready or Not\ReadyOrNot\Content\Paks\mod.io\3791\mods\4761012\pakchunk99-LastResort.pak
[01:02:44:45ms][Trace][File] Finish write to D:\Games\Ready or Not\ReadyOrNot\Content\Paks\mod.io\3791\mods\4761012\pakchunk99-LastResort.pak
[01:02:44:60ms][Trace][File] Begin write of 2613 bytes to D:\Games\Ready or Not\ReadyOrNot\Content\Paks\mod.io\3791\mods\4761012\pakchunk99-LastResort.pak
[01:02:44:60ms][Trace][File] Finish write to D:\Games\Ready or Not\ReadyOrNot\Content\Paks\mod.io\3791\mods\4761012\pakchunk99-LastResort.pak
[01:02:44:60ms][Trace][File] Begin read of 65536 bytes from C:\Users\SAPTAR~1\AppData\Local\Temp\lastresort_ron_101_wreadme.zip
[01:02:44:61ms][Trace][File] Finish read from C:\Users\SAPTAR~1\AppData\Local\Temp\lastresort_ron_101_wreadme.zip
[01:02:44:77ms][Trace][File] Begin write of 65536 bytes to D:\Games\Ready or Not\ReadyOrNot\Content\Paks\mod.io\3791\mods\4761012\pakchunk99-LastResort.pak
[01:02:44:77ms][Trace][File] Finish write to D:\Games\Ready or Not\ReadyOrNot\Content\Paks\mod.io\3791\mods\4761012\pakchunk99-LastResort.pak
[01:02:44:77ms][Trace][File] Begin write of 2878 bytes to D:\Games\Ready or Not\ReadyOrNot\Content\Paks\mod.io\3791\mods\4761012\pakchunk99-LastResort.pak
[01:02:44:77ms][Trace][File] Finish write to D:\Games\Ready or Not\ReadyOrNot\Content\Paks\mod.io\3791\mods\4761012\pakchunk99-LastResort.pak
[01:02:44:77ms][Trace][File] Begin read of 65536 bytes from C:\Users\SAPTAR~1\AppData\Local\Temp\lastresort_ron_101_wreadme.zip
[01:02:44:78ms][Trace][File] Finish read from C:\Users\SAPTAR~1\AppData\Local\Temp\lastresort_ron_101_wreadme.zip
[01:02:44:93ms][Trace][File] Begin write of 65536 bytes to D:\Games\Ready or Not\ReadyOrNot\Content\Paks\mod.io\3791\mods\4761012\pakchunk99-LastResort.pak
[01:02:44:93ms][Trace][File] Finish write to D:\Games\Ready or Not\ReadyOrNot\Content\Paks\mod.io\3791\mods\4761012\pakchunk99-LastResort.pak
[01:02:44:93ms][Trace][File] Begin write of 2072 bytes to D:\Games\Ready or Not\ReadyOrNot\Content\Paks\mod.io\3791\mods\4761012\pakchunk99-LastResort.pak
[01:02:44:93ms][Trace][File] Finish write to D:\Games\Ready or Not\ReadyOrNot\Content\Paks\mod.io\3791\mods\4761012\pakchunk99-LastResort.pak
[01:02:44:94ms][Trace][File] Begin read of 65536 bytes from C:\Users\SAPTAR~1\AppData\Local\Temp\lastresort_ron_101_wreadme.zip
[01:02:44:94ms][Trace][File] Finish read from C:\Users\SAPTAR~1\AppData\Local\Temp\lastresort_ron_101_wreadme.zip
[01:02:44:94ms][Trace][File] Begin write of 65536 bytes to D:\Games\Ready or Not\ReadyOrNot\Content\Paks\mod.io\3791\mods\4761012\pakchunk99-LastResort.pak
[01:02:44:94ms][Trace][File] Finish write to D:\Games\Ready or Not\ReadyOrNot\Content\Paks\mod.io\3791\mods\4761012\pakchunk99-LastResort.pak
[01:02:44:94ms][Trace][File] Begin write of 1577 bytes to D:\Games\Ready or Not\ReadyOrNot\Content\Paks\mod.io\3791\mods\4761012\pakchunk99-LastResort.pak
[01:02:44:94ms][Trace][File] Finish write to D:\Games\Ready or Not\ReadyOrNot\Content\Paks\mod.io\3791\mods\4761012\pakchunk99-LastResort.pak
[01:02:44:94ms][Trace][File] Begin read of 65536 bytes from C:\Users\SAPTAR~1\AppData\Local\Temp\lastresort_ron_101_wreadme.zip
[01:02:44:110ms][Trace][File] Finish read from C:\Users\SAPTAR~1\AppData\Local\Temp\lastresort_ron_101_wreadme.zip
[01:02:44:110ms][Trace][File] Begin write of 65536 bytes to D:\Games\Ready or Not\ReadyOrNot\Content\Paks\mod.io\3791\mods\4761012\pakchunk99-LastResort.pak
[01:02:44:110ms][Trace][File] Finish write to D:\Games\Ready or Not\ReadyOrNot\Content\Paks\mod.io\3791\mods\4761012\pakchunk99-LastResort.pak
[01:02:44:110ms][Trace][File] Begin write of 1623 bytes to D:\Games\Ready or Not\ReadyOrNot\Content\Paks\mod.io\3791\mods\4761012\pakchunk99-LastResort.pak
[01:02:44:110ms][Trace][File] Finish write to D:\Games\Ready or Not\ReadyOrNot\Content\Paks\mod.io\3791\mods\4761012\pakchunk99-LastResort.pak
[01:02:44:111ms][Trace][File] Begin read of 65536 bytes from C:\Users\SAPTAR~1\AppData\Local\Temp\lastresort_ron_101_wreadme.zip
[01:02:44:127ms][Trace][File] Finish read from C:\Users\SAPTAR~1\AppData\Local\Temp\lastresort_ron_101_wreadme.zip
[01:02:44:127ms][Trace][File] Begin write of 65536 bytes to D:\Games\Ready or Not\ReadyOrNot\Content\Paks\mod.io\3791\mods\4761012\pakchunk99-LastResort.pak
[01:02:44:127ms][Trace][File] Finish write to D:\Games\Ready or Not\ReadyOrNot\Content\Paks\mod.io\3791\mods\4761012\pakchunk99-LastResort.pak
[01:02:44:127ms][Trace][File] Begin write of 3038 bytes to D:\Games\Ready or Not\ReadyOrNot\Content\Paks\mod.io\3791\mods\4761012\pakchunk99-LastResort.pak
[01:02:44:127ms][Trace][File] Finish write to D:\Games\Ready or Not\ReadyOrNot\Content\Paks\mod.io\3791\mods\4761012\pakchunk99-LastResort.pak
[01:02:44:127ms][Trace][File] Begin read of 65536 bytes from C:\Users\SAPTAR~1\AppData\Local\Temp\lastresort_ron_101_wreadme.zip
[01:02:44:143ms][Trace][File] Finish read from C:\Users\SAPTAR~1\AppData\Local\Temp\lastresort_ron_101_wreadme.zip
[01:02:44:144ms][Trace][File] Begin write of 65536 bytes to D:\Games\Ready or Not\ReadyOrNot\Content\Paks\mod.io\3791\mods\4761012\pakchunk99-LastResort.pak
[01:02:44:144ms][Trace][File] Finish write to D:\Games\Ready or Not\ReadyOrNot\Content\Paks\mod.io\3791\mods\4761012\pakchunk99-LastResort.pak
[01:02:44:144ms][Trace][File] Begin write of 1635 bytes to D:\Games\Ready or Not\ReadyOrNot\Content\Paks\mod.io\3791\mods\4761012\pakchunk99-LastResort.pak
[01:02:44:144ms][Trace][File] Finish write to D:\Games\Ready or Not\ReadyOrNot\Content\Paks\mod.io\3791\mods\4761012\pakchunk99-LastResort.pak
[01:02:44:144ms][Trace][File] Begin read of 65536 bytes from C:\Users\SAPTAR~1\AppData\Local\Temp\lastresort_ron_101_wreadme.zip
[01:02:44:160ms][Trace][File] Finish read from C:\Users\SAPTAR~1\AppData\Local\Temp\lastresort_ron_101_wreadme.zip
[01:02:44:160ms][Trace][File] Begin write of 65536 bytes to D:\Games\Ready or Not\ReadyOrNot\Content\Paks\mod.io\3791\mods\4761012\pakchunk99-LastResort.pak
[01:02:44:160ms][Trace][File] Finish write to D:\Games\Ready or Not\ReadyOrNot\Content\Paks\mod.io\3791\mods\4761012\pakchunk99-LastResort.pak
[01:02:44:160ms][Trace][File] Begin write of 2237 bytes to D:\Games\Ready or Not\ReadyOrNot\Content\Paks\mod.io\3791\mods\4761012\pakchunk99-LastResort.pak
[01:02:44:160ms][Trace][File] Finish write to D:\Games\Ready or Not\ReadyOrNot\Content\Paks\mod.io\3791\mods\4761012\pakchunk99-LastResort.pak
[01:02:44:160ms][Trace][File] Begin read of 65536 bytes from C:\Users\SAPTAR~1\AppData\Local\Temp\lastresort_ron_101_wreadme.zip
[01:02:44:177ms][Trace][File] Finish read from C:\Users\SAPTAR~1\AppData\Local\Temp\lastresort_ron_101_wreadme.zip
[01:02:44:177ms][Trace][File] Begin write of 65536 bytes to D:\Games\Ready or Not\ReadyOrNot\Content\Paks\mod.io\3791\mods\4761012\pakchunk99-LastResort.pak
[01:02:44:177ms][Trace][File] Finish write to D:\Games\Ready or Not\ReadyOrNot\Content\Paks\mod.io\3791\mods\4761012\pakchunk99-LastResort.pak
[01:02:44:177ms][Trace][File] Begin write of 2026 bytes to D:\Games\Ready or Not\ReadyOrNot\Content\Paks\mod.io\3791\mods\4761012\pakchunk99-LastResort.pak
[01:02:44:177ms][Trace][File] Finish write to D:\Games\Ready or Not\ReadyOrNot\Content\Paks\mod.io\3791\mods\4761012\pakchunk99-LastResort.pak
[01:02:44:177ms][Trace][File] Begin read of 65536 bytes from C:\Users\SAPTAR~1\AppData\Local\Temp\lastresort_ron_101_wreadme.zip
[01:02:44:178ms][Trace][File] Finish read from C:\Users\SAPTAR~1\AppData\Local\Temp\lastresort_ron_101_wreadme.zip
[01:02:44:194ms][Trace][File] Begin write of 65536 bytes to D:\Games\Ready or Not\ReadyOrNot\Content\Paks\mod.io\3791\mods\4761012\pakchunk99-LastResort.pak
[01:02:44:194ms][Trace][File] Finish write to D:\Games\Ready or Not\ReadyOrNot\Content\Paks\mod.io\3791\mods\4761012\pakchunk99-LastResort.pak
[01:02:44:194ms][Trace][File] Begin write of 1818 bytes to D:\Games\Ready or Not\ReadyOrNot\Content\Paks\mod.io\3791\mods\4761012\pakchunk99-LastResort.pak
[01:02:44:194ms][Trace][File] Finish write to D:\Games\Ready or Not\ReadyOrNot\Content\Paks\mod.io\3791\mods\4761012\pakchunk99-LastResort.pak
[01:02:44:194ms][Trace][File] Begin read of 65536 bytes from C:\Users\SAPTAR~1\AppData\Local\Temp\lastresort_ron_101_wreadme.zip
[01:02:44:194ms][Trace][File] Finish read from C:\Users\SAPTAR~1\AppData\Local\Temp\lastresort_ron_101_wreadme.zip
[01:02:44:210ms][Trace][File] Begin write of 65536 bytes to D:\Games\Ready or Not\ReadyOrNot\Content\Paks\mod.io\3791\mods\4761012\pakchunk99-LastResort.pak
[01:02:44:210ms][Trace][File] Finish write to D:\Games\Ready or Not\ReadyOrNot\Content\Paks\mod.io\3791\mods\4761012\pakchunk99-LastResort.pak
[01:02:44:210ms][Trace][File] Begin write of 2126 bytes to D:\Games\Ready or Not\ReadyOrNot\Content\Paks\mod.io\3791\mods\4761012\pakchunk99-LastResort.pak
[01:02:44:210ms][Trace][File] Finish write to D:\Games\Ready or Not\ReadyOrNot\Content\Paks\mod.io\3791\mods\4761012\pakchunk99-LastResort.pak
[01:02:44:210ms][Trace][File] Begin read of 65536 bytes from C:\Users\SAPTAR~1\AppData\Local\Temp\lastresort_ron_101_wreadme.zip
[01:02:44:211ms][Trace][File] Finish read from C:\Users\SAPTAR~1\AppData\Local\Temp\lastresort_ron_101_wreadme.zip
[01:02:44:211ms][Trace][File] Begin write of 65308 bytes to D:\Games\Ready or Not\ReadyOrNot\Content\Paks\mod.io\3791\mods\4761012\pakchunk99-LastResort.pak
[01:02:44:211ms][Trace][File] Finish write to D:\Games\Ready or Not\ReadyOrNot\Content\Paks\mod.io\3791\mods\4761012\pakchunk99-LastResort.pak
[01:02:44:227ms][Trace][File] Begin read of 65536 bytes from C:\Users\SAPTAR~1\AppData\Local\Temp\lastresort_ron_101_wreadme.zip
[01:02:44:227ms][Trace][File] Finish read from C:\Users\SAPTAR~1\AppData\Local\Temp\lastresort_ron_101_wreadme.zip
[01:02:44:228ms][Trace][File] Begin write of 65536 bytes to D:\Games\Ready or Not\ReadyOrNot\Content\Paks\mod.io\3791\mods\4761012\pakchunk99-LastResort.pak
[01:02:44:228ms][Trace][File] Finish write to D:\Games\Ready or Not\ReadyOrNot\Content\Paks\mod.io\3791\mods\4761012\pakchunk99-LastResort.pak
[01:02:44:243ms][Trace][File] Begin write of 2648 bytes to D:\Games\Ready or Not\ReadyOrNot\Content\Paks\mod.io\3791\mods\4761012\pakchunk99-LastResort.pak
[01:02:44:244ms][Trace][File] Finish write to D:\Games\Ready or Not\ReadyOrNot\Content\Paks\mod.io\3791\mods\4761012\pakchunk99-LastResort.pak
[01:02:44:244ms][Trace][File] Begin read of 65536 bytes from C:\Users\SAPTAR~1\AppData\Local\Temp\lastresort_ron_101_wreadme.zip
[01:02:44:244ms][Trace][File] Finish read from C:\Users\SAPTAR~1\AppData\Local\Temp\lastresort_ron_101_wreadme.zip
[01:02:44:260ms][Trace][File] Begin write of 65536 bytes to D:\Games\Ready or Not\ReadyOrNot\Content\Paks\mod.io\3791\mods\4761012\pakchunk99-LastResort.pak
[01:02:44:260ms][Trace][File] Finish write to D:\Games\Ready or Not\ReadyOrNot\Content\Paks\mod.io\3791\mods\4761012\pakchunk99-LastResort.pak
[01:02:44:260ms][Trace][File] Begin write of 2530 bytes to D:\Games\Ready or Not\ReadyOrNot\Content\Paks\mod.io\3791\mods\4761012\pakchunk99-LastResort.pak
[01:02:44:260ms][Trace][File] Finish write to D:\Games\Ready or Not\ReadyOrNot\Content\Paks\mod.io\3791\mods\4761012\pakchunk99-LastResort.pak
[01:02:44:260ms][Trace][File] Begin read of 65536 bytes from C:\Users\SAPTAR~1\AppData\Local\Temp\lastresort_ron_101_wreadme.zip
[01:02:44:261ms][Trace][File] Finish read from C:\Users\SAPTAR~1\AppData\Local\Temp\lastresort_ron_101_wreadme.zip
[01:02:44:261ms][Trace][File] Begin write of 65536 bytes to D:\Games\Ready or Not\ReadyOrNot\Content\Paks\mod.io\3791\mods\4761012\pakchunk99-LastResort.pak
[01:02:44:261ms][Trace][File] Finish write to D:\Games\Ready or Not\ReadyOrNot\Content\Paks\mod.io\3791\mods\4761012\pakchunk99-LastResort.pak
[01:02:44:261ms][Trace][File] Begin write of 1499 bytes to D:\Games\Ready or Not\ReadyOrNot\Content\Paks\mod.io\3791\mods\4761012\pakchunk99-LastResort.pak
[01:02:44:261ms][Trace][File] Finish write to D:\Games\Ready or Not\ReadyOrNot\Content\Paks\mod.io\3791\mods\4761012\pakchunk99-LastResort.pak
[01:02:44:261ms][Trace][File] Begin read of 65536 bytes from C:\Users\SAPTAR~1\AppData\Local\Temp\lastresort_ron_101_wreadme.zip
[01:02:44:277ms][Trace][File] Finish read from C:\Users\SAPTAR~1\AppData\Local\Temp\lastresort_ron_101_wreadme.zip
[01:02:44:277ms][Trace][File] Begin write of 65536 bytes to D:\Games\Ready or Not\ReadyOrNot\Content\Paks\mod.io\3791\mods\4761012\pakchunk99-LastResort.pak
[01:02:44:277ms][Trace][File] Finish write to D:\Games\Ready or Not\ReadyOrNot\Content\Paks\mod.io\3791\mods\4761012\pakchunk99-LastResort.pak
[01:02:44:277ms][Trace][File] Begin write of 3066 bytes to D:\Games\Ready or Not\ReadyOrNot\Content\Paks\mod.io\3791\mods\4761012\pakchunk99-LastResort.pak
[01:02:44:277ms][Trace][File] Finish write to D:\Games\Ready or Not\ReadyOrNot\Content\Paks\mod.io\3791\mods\4761012\pakchunk99-LastResort.pak
[01:02:44:277ms][Trace][File] Begin read of 65536 bytes from C:\Users\SAPTAR~1\AppData\Local\Temp\lastresort_ron_101_wreadme.zip
[01:02:44:278ms][Trace][File] Finish read from C:\Users\SAPTAR~1\AppData\Local\Temp\lastresort_ron_101_wreadme.zip
[01:02:44:294ms][Trace][File] Begin write of 65536 bytes to D:\Games\Ready or Not\ReadyOrNot\Content\Paks\mod.io\3791\mods\4761012\pakchunk99-LastResort.pak
[01:02:44:294ms][Trace][File] Finish write to D:\Games\Ready or Not\ReadyOrNot\Content\Paks\mod.io\3791\mods\4761012\pakchunk99-LastResort.pak
[01:02:44:294ms][Trace][File] Begin write of 1301 bytes to D:\Games\Ready or Not\ReadyOrNot\Content\Paks\mod.io\3791\mods\4761012\pakchunk99-LastResort.pak
[01:02:44:294ms][Trace][File] Finish write to D:\Games\Ready or Not\ReadyOrNot\Content\Paks\mod.io\3791\mods\4761012\pakchunk99-LastResort.pak
[01:02:44:294ms][Trace][File] Begin read of 65536 bytes from C:\Users\SAPTAR~1\AppData\Local\Temp\lastresort_ron_101_wreadme.zip
[01:02:44:294ms][Trace][File] Finish read from C:\Users\SAPTAR~1\AppData\Local\Temp\lastresort_ron_101_wreadme.zip
[01:02:44:310ms][Trace][File] Begin write of 65536 bytes to D:\Games\Ready or Not\ReadyOrNot\Content\Paks\mod.io\3791\mods\4761012\pakchunk99-LastResort.pak
[01:02:44:310ms][Trace][File] Finish write to D:\Games\Ready or Not\ReadyOrNot\Content\Paks\mod.io\3791\mods\4761012\pakchunk99-LastResort.pak
[01:02:44:310ms][Trace][File] Begin write of 3056 bytes to D:\Games\Ready or Not\ReadyOrNot\Content\Paks\mod.io\3791\mods\4761012\pakchunk99-LastResort.pak
[01:02:44:310ms][Trace][File] Finish write to D:\Games\Ready or Not\ReadyOrNot\Content\Paks\mod.io\3791\mods\4761012\pakchunk99-LastResort.pak
[01:02:44:310ms][Trace][File] Begin read of 65536 bytes from C:\Users\SAPTAR~1\AppData\Local\Temp\lastresort_ron_101_wreadme.zip
[01:02:44:311ms][Trace][File] Finish read from C:\Users\SAPTAR~1\AppData\Local\Temp\lastresort_ron_101_wreadme.zip
[01:02:44:311ms][Trace][File] Begin write of 65536 bytes to D:\Games\Ready or Not\ReadyOrNot\Content\Paks\mod.io\3791\mods\4761012\pakchunk99-LastResort.pak
[01:02:44:311ms][Trace][File] Finish write to D:\Games\Ready or Not\ReadyOrNot\Content\Paks\mod.io\3791\mods\4761012\pakchunk99-LastResort.pak
[01:02:44:311ms][Trace][File] Begin write of 1831 bytes to D:\Games\Ready or Not\ReadyOrNot\Content\Paks\mod.io\3791\mods\4761012\pakchunk99-LastResort.pak
[01:02:44:311ms][Trace][File] Finish write to D:\Games\Ready or Not\ReadyOrNot\Content\Paks\mod.io\3791\mods\4761012\pakchunk99-LastResort.pak
[01:02:44:311ms][Trace][File] Begin read of 65536 bytes from C:\Users\SAPTAR~1\AppData\Local\Temp\lastresort_ron_101_wreadme.zip
[01:02:44:327ms][Trace][File] Finish read from C:\Users\SAPTAR~1\AppData\Local\Temp\lastresort_ron_101_wreadme.zip
[01:02:44:327ms][Trace][File] Begin write of 65536 bytes to D:\Games\Ready or Not\ReadyOrNot\Content\Paks\mod.io\3791\mods\4761012\pakchunk99-LastResort.pak
[01:02:44:327ms][Trace][File] Finish write to D:\Games\Ready or Not\ReadyOrNot\Content\Paks\mod.io\3791\mods\4761012\pakchunk99-LastResort.pak
[01:02:44:327ms][Trace][File] Begin write of 1930 bytes to D:\Games\Ready or Not\ReadyOrNot\Content\Paks\mod.io\3791\mods\4761012\pakchunk99-LastResort.pak
[01:02:44:327ms][Trace][File] Finish write to D:\Games\Ready or Not\ReadyOrNot\Content\Paks\mod.io\3791\mods\4761012\pakchunk99-LastResort.pak
[01:02:44:327ms][Trace][File] Begin read of 65536 bytes from C:\Users\SAPTAR~1\AppData\Local\Temp\lastresort_ron_101_wreadme.zip
[01:02:44:328ms][Trace][File] Finish read from C:\Users\SAPTAR~1\AppData\Local\Temp\lastresort_ron_101_wreadme.zip
[01:02:44:344ms][Trace][File] Begin write of 65536 bytes to D:\Games\Ready or Not\ReadyOrNot\Content\Paks\mod.io\3791\mods\4761012\pakchunk99-LastResort.pak
[01:02:44:344ms][Trace][File] Finish write to D:\Games\Ready or Not\ReadyOrNot\Content\Paks\mod.io\3791\mods\4761012\pakchunk99-LastResort.pak
[01:02:44:344ms][Trace][File] Begin write of 1606 bytes to D:\Games\Ready or Not\ReadyOrNot\Content\Paks\mod.io\3791\mods\4761012\pakchunk99-LastResort.pak
[01:02:44:344ms][Trace][File] Finish write to D:\Games\Ready or Not\ReadyOrNot\Content\Paks\mod.io\3791\mods\4761012\pakchunk99-LastResort.pak
[01:02:44:344ms][Trace][File] Begin read of 65536 bytes from C:\Users\SAPTAR~1\AppData\Local\Temp\lastresort_ron_101_wreadme.zip
[01:02:44:344ms][Trace][File] Finish read from C:\Users\SAPTAR~1\AppData\Local\Temp\lastresort_ron_101_wreadme.zip
[01:02:44:344ms][Trace][File] Begin write of 65536 bytes to D:\Games\Ready or Not\ReadyOrNot\Content\Paks\mod.io\3791\mods\4761012\pakchunk99-LastResort.pak
[01:02:44:344ms][Trace][File] Finish write to D:\Games\Ready or Not\ReadyOrNot\Content\Paks\mod.io\3791\mods\4761012\pakchunk99-LastResort.pak
[01:02:44:344ms][Trace][File] Begin write of 1376 bytes to D:\Games\Ready or Not\ReadyOrNot\Content\Paks\mod.io\3791\mods\4761012\pakchunk99-LastResort.pak
[01:02:44:344ms][Trace][File] Finish write to D:\Games\Ready or Not\ReadyOrNot\Content\Paks\mod.io\3791\mods\4761012\pakchunk99-LastResort.pak
[01:02:44:360ms][Trace][File] Begin read of 65536 bytes from C:\Users\SAPTAR~1\AppData\Local\Temp\lastresort_ron_101_wreadme.zip
[01:02:44:360ms][Trace][File] Finish read from C:\Users\SAPTAR~1\AppData\Local\Temp\lastresort_ron_101_wreadme.zip
[01:02:44:361ms][Trace][File] Begin write of 65536 bytes to D:\Games\Ready or Not\ReadyOrNot\Content\Paks\mod.io\3791\mods\4761012\pakchunk99-LastResort.pak
[01:02:44:361ms][Trace][File] Finish write to D:\Games\Ready or Not\ReadyOrNot\Content\Paks\mod.io\3791\mods\4761012\pakchunk99-LastResort.pak
[01:02:44:361ms][Trace][File] Begin write of 1775 bytes to D:\Games\Ready or Not\ReadyOrNot\Content\Paks\mod.io\3791\mods\4761012\pakchunk99-LastResort.pak
[01:02:44:361ms][Trace][File] Finish write to D:\Games\Ready or Not\ReadyOrNot\Content\Paks\mod.io\3791\mods\4761012\pakchunk99-LastResort.pak
[01:02:44:361ms][Trace][File] Begin read of 65536 bytes from C:\Users\SAPTAR~1\AppData\Local\Temp\lastresort_ron_101_wreadme.zip
[01:02:44:377ms][Trace][File] Finish read from C:\Users\SAPTAR~1\AppData\Local\Temp\lastresort_ron_101_wreadme.zip
[01:02:44:377ms][Trace][File] Begin write of 65536 bytes to D:\Games\Ready or Not\ReadyOrNot\Content\Paks\mod.io\3791\mods\4761012\pakchunk99-LastResort.pak
[01:02:44:377ms][Trace][File] Finish write to D:\Games\Ready or Not\ReadyOrNot\Content\Paks\mod.io\3791\mods\4761012\pakchunk99-LastResort.pak
[01:02:44:377ms][Trace][File] Begin write of 2179 bytes to D:\Games\Ready or Not\ReadyOrNot\Content\Paks\mod.io\3791\mods\4761012\pakchunk99-LastResort.pak
[01:02:44:378ms][Trace][File] Finish write to D:\Games\Ready or Not\ReadyOrNot\Content\Paks\mod.io\3791\mods\4761012\pakchunk99-LastResort.pak
[01:02:44:378ms][Trace][File] Begin read of 65536 bytes from C:\Users\SAPTAR~1\AppData\Local\Temp\lastresort_ron_101_wreadme.zip
[01:02:44:394ms][Trace][File] Finish read from C:\Users\SAPTAR~1\AppData\Local\Temp\lastresort_ron_101_wreadme.zip
[01:02:44:394ms][Trace][File] Begin write of 65536 bytes to D:\Games\Ready or Not\ReadyOrNot\Content\Paks\mod.io\3791\mods\4761012\pakchunk99-LastResort.pak
[01:02:44:394ms][Trace][File] Finish write to D:\Games\Ready or Not\ReadyOrNot\Content\Paks\mod.io\3791\mods\4761012\pakchunk99-LastResort.pak
[01:02:44:394ms][Trace][File] Begin write of 1853 bytes to D:\Games\Ready or Not\ReadyOrNot\Content\Paks\mod.io\3791\mods\4761012\pakchunk99-LastResort.pak
[01:02:44:394ms][Trace][File] Finish write to D:\Games\Ready or Not\ReadyOrNot\Content\Paks\mod.io\3791\mods\4761012\pakchunk99-LastResort.pak
[01:02:44:394ms][Trace][File] Begin read of 65536 bytes from C:\Users\SAPTAR~1\AppData\Local\Temp\lastresort_ron_101_wreadme.zip
[01:02:44:410ms][Trace][File] Finish read from C:\Users\SAPTAR~1\AppData\Local\Temp\lastresort_ron_101_wreadme.zip
[01:02:44:410ms][Trace][File] Begin write of 65536 bytes to D:\Games\Ready or Not\ReadyOrNot\Content\Paks\mod.io\3791\mods\4761012\pakchunk99-LastResort.pak
[01:02:44:410ms][Trace][File] Finish write to D:\Games\Ready or Not\ReadyOrNot\Content\Paks\mod.io\3791\mods\4761012\pakchunk99-LastResort.pak
[01:02:44:410ms][Trace][File] Begin write of 1595 bytes to D:\Games\Ready or Not\ReadyOrNot\Content\Paks\mod.io\3791\mods\4761012\pakchunk99-LastResort.pak
[01:02:44:410ms][Trace][File] Finish write to D:\Games\Ready or Not\ReadyOrNot\Content\Paks\mod.io\3791\mods\4761012\pakchunk99-LastResort.pak
[01:02:44:410ms][Trace][File] Begin read of 65536 bytes from C:\Users\SAPTAR~1\AppData\Local\Temp\lastresort_ron_101_wreadme.zip
[01:02:44:427ms][Trace][File] Finish read from C:\Users\SAPTAR~1\AppData\Local\Temp\lastresort_ron_101_wreadme.zip
[01:02:44:427ms][Trace][File] Begin write of 65536 bytes to D:\Games\Ready or Not\ReadyOrNot\Content\Paks\mod.io\3791\mods\4761012\pakchunk99-LastResort.pak
[01:02:44:427ms][Trace][File] Finish write to D:\Games\Ready or Not\ReadyOrNot\Content\Paks\mod.io\3791\mods\4761012\pakchunk99-LastResort.pak
[01:02:44:427ms][Trace][File] Begin write of 2233 bytes to D:\Games\Ready or Not\ReadyOrNot\Content\Paks\mod.io\3791\mods\4761012\pakchunk99-LastResort.pak
[01:02:44:427ms][Trace][File] Finish write to D:\Games\Ready or Not\ReadyOrNot\Content\Paks\mod.io\3791\mods\4761012\pakchunk99-LastResort.pak
[01:02:44:427ms][Trace][File] Begin read of 65536 bytes from C:\Users\SAPTAR~1\AppData\Local\Temp\lastresort_ron_101_wreadme.zip
[01:02:44:428ms][Trace][File] Finish read from C:\Users\SAPTAR~1\AppData\Local\Temp\lastresort_ron_101_wreadme.zip
[01:02:44:443ms][Trace][File] Begin write of 65536 bytes to D:\Games\Ready or Not\ReadyOrNot\Content\Paks\mod.io\3791\mods\4761012\pakchunk99-LastResort.pak
[01:02:44:444ms][Trace][File] Finish write to D:\Games\Ready or Not\ReadyOrNot\Content\Paks\mod.io\3791\mods\4761012\pakchunk99-LastResort.pak
[01:02:44:444ms][Trace][File] Begin write of 3234 bytes to D:\Games\Ready or Not\ReadyOrNot\Content\Paks\mod.io\3791\mods\4761012\pakchunk99-LastResort.pak
[01:02:44:444ms][Trace][File] Finish write to D:\Games\Ready or Not\ReadyOrNot\Content\Paks\mod.io\3791\mods\4761012\pakchunk99-LastResort.pak
[01:02:44:444ms][Trace][File] Begin read of 65536 bytes from C:\Users\SAPTAR~1\AppData\Local\Temp\lastresort_ron_101_wreadme.zip
[01:02:44:444ms][Trace][File] Finish read from C:\Users\SAPTAR~1\AppData\Local\Temp\lastresort_ron_101_wreadme.zip
[01:02:44:460ms][Trace][File] Begin write of 65536 bytes to D:\Games\Ready or Not\ReadyOrNot\Content\Paks\mod.io\3791\mods\4761012\pakchunk99-LastResort.pak
[01:02:44:460ms][Trace][File] Finish write to D:\Games\Ready or Not\ReadyOrNot\Content\Paks\mod.io\3791\mods\4761012\pakchunk99-LastResort.pak
[01:02:44:460ms][Trace][File] Begin write of 4775 bytes to D:\Games\Ready or Not\ReadyOrNot\Content\Paks\mod.io\3791\mods\4761012\pakchunk99-LastResort.pak
[01:02:44:460ms][Trace][File] Finish write to D:\Games\Ready or Not\ReadyOrNot\Content\Paks\mod.io\3791\mods\4761012\pakchunk99-LastResort.pak
[01:02:44:460ms][Trace][File] Begin read of 65536 bytes from C:\Users\SAPTAR~1\AppData\Local\Temp\lastresort_ron_101_wreadme.zip
[01:02:44:461ms][Trace][File] Finish read from C:\Users\SAPTAR~1\AppData\Local\Temp\lastresort_ron_101_wreadme.zip
[01:02:44:477ms][Trace][File] Begin write of 65536 bytes to D:\Games\Ready or Not\ReadyOrNot\Content\Paks\mod.io\3791\mods\4761012\pakchunk99-LastResort.pak
[01:02:44:477ms][Trace][File] Finish write to D:\Games\Ready or Not\ReadyOrNot\Content\Paks\mod.io\3791\mods\4761012\pakchunk99-LastResort.pak
[01:02:44:477ms][Trace][File] Begin write of 2157 bytes to D:\Games\Ready or Not\ReadyOrNot\Content\Paks\mod.io\3791\mods\4761012\pakchunk99-LastResort.pak
[01:02:44:477ms][Trace][File] Finish write to D:\Games\Ready or Not\ReadyOrNot\Content\Paks\mod.io\3791\mods\4761012\pakchunk99-LastResort.pak
[01:02:44:477ms][Trace][File] Begin read of 65536 bytes from C:\Users\SAPTAR~1\AppData\Local\Temp\lastresort_ron_101_wreadme.zip
[01:02:44:478ms][Trace][File] Finish read from C:\Users\SAPTAR~1\AppData\Local\Temp\lastresort_ron_101_wreadme.zip
[01:02:44:493ms][Trace][File] Begin write of 65536 bytes to D:\Games\Ready or Not\ReadyOrNot\Content\Paks\mod.io\3791\mods\4761012\pakchunk99-LastResort.pak
[01:02:44:494ms][Trace][File] Finish write to D:\Games\Ready or Not\ReadyOrNot\Content\Paks\mod.io\3791\mods\4761012\pakchunk99-LastResort.pak
[01:02:44:494ms][Trace][File] Begin write of 1871 bytes to D:\Games\Ready or Not\ReadyOrNot\Content\Paks\mod.io\3791\mods\4761012\pakchunk99-LastResort.pak
[01:02:44:494ms][Trace][File] Finish write to D:\Games\Ready or Not\ReadyOrNot\Content\Paks\mod.io\3791\mods\4761012\pakchunk99-LastResort.pak
[01:02:44:494ms][Trace][File] Begin read of 65536 bytes from C:\Users\SAPTAR~1\AppData\Local\Temp\lastresort_ron_101_wreadme.zip
[01:02:44:494ms][Trace][File] Finish read from C:\Users\SAPTAR~1\AppData\Local\Temp\lastresort_ron_101_wreadme.zip
[01:02:44:510ms][Trace][File] Begin write of 65536 bytes to D:\Games\Ready or Not\ReadyOrNot\Content\Paks\mod.io\3791\mods\4761012\pakchunk99-LastResort.pak
[01:02:44:510ms][Trace][File] Finish write to D:\Games\Ready or Not\ReadyOrNot\Content\Paks\mod.io\3791\mods\4761012\pakchunk99-LastResort.pak
[01:02:44:510ms][Trace][File] Begin write of 2318 bytes to D:\Games\Ready or Not\ReadyOrNot\Content\Paks\mod.io\3791\mods\4761012\pakchunk99-LastResort.pak
[01:02:44:510ms][Trace][File] Finish write to D:\Games\Ready or Not\ReadyOrNot\Content\Paks\mod.io\3791\mods\4761012\pakchunk99-LastResort.pak
[01:02:44:510ms][Trace][File] Begin read of 65536 bytes from C:\Users\SAPTAR~1\AppData\Local\Temp\lastresort_ron_101_wreadme.zip
[01:02:44:511ms][Trace][File] Finish read from C:\Users\SAPTAR~1\AppData\Local\Temp\lastresort_ron_101_wreadme.zip
[01:02:44:527ms][Trace][File] Begin write of 65536 bytes to D:\Games\Ready or Not\ReadyOrNot\Content\Paks\mod.io\3791\mods\4761012\pakchunk99-LastResort.pak
[01:02:44:527ms][Trace][File] Finish write to D:\Games\Ready or Not\ReadyOrNot\Content\Paks\mod.io\3791\mods\4761012\pakchunk99-LastResort.pak
[01:02:44:527ms][Trace][File] Begin write of 1795 bytes to D:\Games\Ready or Not\ReadyOrNot\Content\Paks\mod.io\3791\mods\4761012\pakchunk99-LastResort.pak
[01:02:44:527ms][Trace][File] Finish write to D:\Games\Ready or Not\ReadyOrNot\Content\Paks\mod.io\3791\mods\4761012\pakchunk99-LastResort.pak
[01:02:44:527ms][Trace][File] Begin read of 65536 bytes from C:\Users\SAPTAR~1\AppData\Local\Temp\lastresort_ron_101_wreadme.zip
[01:02:44:528ms][Trace][File] Finish read from C:\Users\SAPTAR~1\AppData\Local\Temp\lastresort_ron_101_wreadme.zip
[01:02:44:543ms][Trace][File] Begin write of 65536 bytes to D:\Games\Ready or Not\ReadyOrNot\Content\Paks\mod.io\3791\mods\4761012\pakchunk99-LastResort.pak
[01:02:44:544ms][Trace][File] Finish write to D:\Games\Ready or Not\ReadyOrNot\Content\Paks\mod.io\3791\mods\4761012\pakchunk99-LastResort.pak
[01:02:44:544ms][Trace][File] Begin write of 3222 bytes to D:\Games\Ready or Not\ReadyOrNot\Content\Paks\mod.io\3791\mods\4761012\pakchunk99-LastResort.pak
[01:02:44:544ms][Trace][File] Finish write to D:\Games\Ready or Not\ReadyOrNot\Content\Paks\mod.io\3791\mods\4761012\pakchunk99-LastResort.pak
[01:02:44:544ms][Trace][File] Begin read of 65536 bytes from C:\Users\SAPTAR~1\AppData\Local\Temp\lastresort_ron_101_wreadme.zip
[01:02:44:544ms][Trace][File] Finish read from C:\Users\SAPTAR~1\AppData\Local\Temp\lastresort_ron_101_wreadme.zip
[01:02:44:560ms][Trace][File] Begin write of 65536 bytes to D:\Games\Ready or Not\ReadyOrNot\Content\Paks\mod.io\3791\mods\4761012\pakchunk99-LastResort.pak
[01:02:44:560ms][Trace][File] Finish write to D:\Games\Ready or Not\ReadyOrNot\Content\Paks\mod.io\3791\mods\4761012\pakchunk99-LastResort.pak
[01:02:44:560ms][Trace][File] Begin write of 1657 bytes to D:\Games\Ready or Not\ReadyOrNot\Content\Paks\mod.io\3791\mods\4761012\pakchunk99-LastResort.pak
[01:02:44:560ms][Trace][File] Finish write to D:\Games\Ready or Not\ReadyOrNot\Content\Paks\mod.io\3791\mods\4761012\pakchunk99-LastResort.pak
[01:02:44:560ms][Trace][File] Begin read of 65536 bytes from C:\Users\SAPTAR~1\AppData\Local\Temp\lastresort_ron_101_wreadme.zip
[01:02:44:561ms][Trace][File] Finish read from C:\Users\SAPTAR~1\AppData\Local\Temp\lastresort_ron_101_wreadme.zip
[01:02:44:577ms][Trace][File] Begin write of 65536 bytes to D:\Games\Ready or Not\ReadyOrNot\Content\Paks\mod.io\3791\mods\4761012\pakchunk99-LastResort.pak
[01:02:44:577ms][Trace][File] Finish write to D:\Games\Ready or Not\ReadyOrNot\Content\Paks\mod.io\3791\mods\4761012\pakchunk99-LastResort.pak
[01:02:44:577ms][Trace][File] Begin write of 1692 bytes to D:\Games\Ready or Not\ReadyOrNot\Content\Paks\mod.io\3791\mods\4761012\pakchunk99-LastResort.pak
[01:02:44:577ms][Trace][File] Finish write to D:\Games\Ready or Not\ReadyOrNot\Content\Paks\mod.io\3791\mods\4761012\pakchunk99-LastResort.pak
[01:02:44:577ms][Trace][File] Begin read of 65536 bytes from C:\Users\SAPTAR~1\AppData\Local\Temp\lastresort_ron_101_wreadme.zip
[01:02:44:578ms][Trace][File] Finish read from C:\Users\SAPTAR~1\AppData\Local\Temp\lastresort_ron_101_wreadme.zip
[01:02:44:593ms][Trace][File] Begin write of 65536 bytes to D:\Games\Ready or Not\ReadyOrNot\Content\Paks\mod.io\3791\mods\4761012\pakchunk99-LastResort.pak
[01:02:44:594ms][Trace][File] Finish write to D:\Games\Ready or Not\ReadyOrNot\Content\Paks\mod.io\3791\mods\4761012\pakchunk99-LastResort.pak
[01:02:44:594ms][Trace][File] Begin write of 1571 bytes to D:\Games\Ready or Not\ReadyOrNot\Content\Paks\mod.io\3791\mods\4761012\pakchunk99-LastResort.pak
[01:02:44:594ms][Trace][File] Finish write to D:\Games\Ready or Not\ReadyOrNot\Content\Paks\mod.io\3791\mods\4761012\pakchunk99-LastResort.pak
[01:02:44:594ms][Trace][File] Begin read of 65536 bytes from C:\Users\SAPTAR~1\AppData\Local\Temp\lastresort_ron_101_wreadme.zip
[01:02:44:594ms][Trace][File] Finish read from C:\Users\SAPTAR~1\AppData\Local\Temp\lastresort_ron_101_wreadme.zip
[01:02:44:610ms][Trace][File] Begin write of 65536 bytes to D:\Games\Ready or Not\ReadyOrNot\Content\Paks\mod.io\3791\mods\4761012\pakchunk99-LastResort.pak
[01:02:44:610ms][Trace][File] Finish write to D:\Games\Ready or Not\ReadyOrNot\Content\Paks\mod.io\3791\mods\4761012\pakchunk99-LastResort.pak
[01:02:44:610ms][Trace][File] Begin write of 3136 bytes to D:\Games\Ready or Not\ReadyOrNot\Content\Paks\mod.io\3791\mods\4761012\pakchunk99-LastResort.pak
[01:02:44:610ms][Trace][File] Finish write to D:\Games\Ready or Not\ReadyOrNot\Content\Paks\mod.io\3791\mods\4761012\pakchunk99-LastResort.pak
[01:02:44:610ms][Trace][File] Begin read of 65536 bytes from C:\Users\SAPTAR~1\AppData\Local\Temp\lastresort_ron_101_wreadme.zip
[01:02:44:611ms][Trace][File] Finish read from C:\Users\SAPTAR~1\AppData\Local\Temp\lastresort_ron_101_wreadme.zip
[01:02:44:627ms][Trace][File] Begin write of 65536 bytes to D:\Games\Ready or Not\ReadyOrNot\Content\Paks\mod.io\3791\mods\4761012\pakchunk99-LastResort.pak
[01:02:44:627ms][Trace][File] Finish write to D:\Games\Ready or Not\ReadyOrNot\Content\Paks\mod.io\3791\mods\4761012\pakchunk99-LastResort.pak
[01:02:44:627ms][Trace][File] Begin write of 2111 bytes to D:\Games\Ready or Not\ReadyOrNot\Content\Paks\mod.io\3791\mods\4761012\pakchunk99-LastResort.pak
[01:02:44:627ms][Trace][File] Finish write to D:\Games\Ready or Not\ReadyOrNot\Content\Paks\mod.io\3791\mods\4761012\pakchunk99-LastResort.pak
[01:02:44:627ms][Trace][File] Begin read of 65536 bytes from C:\Users\SAPTAR~1\AppData\Local\Temp\lastresort_ron_101_wreadme.zip
[01:02:44:627ms][Trace][File] Finish read from C:\Users\SAPTAR~1\AppData\Local\Temp\lastresort_ron_101_wreadme.zip
[01:02:44:628ms][Trace][File] Begin write of 65536 bytes to D:\Games\Ready or Not\ReadyOrNot\Content\Paks\mod.io\3791\mods\4761012\pakchunk99-LastResort.pak
[01:02:44:628ms][Trace][File] Finish write to D:\Games\Ready or Not\ReadyOrNot\Content\Paks\mod.io\3791\mods\4761012\pakchunk99-LastResort.pak
[01:02:44:644ms][Trace][File] Begin write of 2602 bytes to D:\Games\Ready or Not\ReadyOrNot\Content\Paks\mod.io\3791\mods\4761012\pakchunk99-LastResort.pak
[01:02:44:644ms][Trace][File] Finish write to D:\Games\Ready or Not\ReadyOrNot\Content\Paks\mod.io\3791\mods\4761012\pakchunk99-LastResort.pak
[01:02:44:644ms][Trace][File] Begin read of 65536 bytes from C:\Users\SAPTAR~1\AppData\Local\Temp\lastresort_ron_101_wreadme.zip
[01:02:44:644ms][Trace][File] Finish read from C:\Users\SAPTAR~1\AppData\Local\Temp\lastresort_ron_101_wreadme.zip
[01:02:44:660ms][Trace][File] Begin write of 65536 bytes to D:\Games\Ready or Not\ReadyOrNot\Content\Paks\mod.io\3791\mods\4761012\pakchunk99-LastResort.pak
[01:02:44:660ms][Trace][File] Finish write to D:\Games\Ready or Not\ReadyOrNot\Content\Paks\mod.io\3791\mods\4761012\pakchunk99-LastResort.pak
[01:02:44:660ms][Trace][File] Begin write of 1364 bytes to D:\Games\Ready or Not\ReadyOrNot\Content\Paks\mod.io\3791\mods\4761012\pakchunk99-LastResort.pak
[01:02:44:660ms][Trace][File] Finish write to D:\Games\Ready or Not\ReadyOrNot\Content\Paks\mod.io\3791\mods\4761012\pakchunk99-LastResort.pak
[01:02:44:660ms][Trace][File] Begin read of 65536 bytes from C:\Users\SAPTAR~1\AppData\Local\Temp\lastresort_ron_101_wreadme.zip
[01:02:44:661ms][Trace][File] Finish read from C:\Users\SAPTAR~1\AppData\Local\Temp\lastresort_ron_101_wreadme.zip
[01:02:44:661ms][Trace][File] Begin write of 65536 bytes to D:\Games\Ready or Not\ReadyOrNot\Content\Paks\mod.io\3791\mods\4761012\pakchunk99-LastResort.pak
[01:02:44:661ms][Trace][File] Finish write to D:\Games\Ready or Not\ReadyOrNot\Content\Paks\mod.io\3791\mods\4761012\pakchunk99-LastResort.pak
[01:02:44:677ms][Trace][File] Begin write of 1575 bytes to D:\Games\Ready or Not\ReadyOrNot\Content\Paks\mod.io\3791\mods\4761012\pakchunk99-LastResort.pak
[01:02:44:677ms][Trace][File] Finish write to D:\Games\Ready or Not\ReadyOrNot\Content\Paks\mod.io\3791\mods\4761012\pakchunk99-LastResort.pak
[01:02:44:677ms][Trace][File] Begin read of 65536 bytes from C:\Users\SAPTAR~1\AppData\Local\Temp\lastresort_ron_101_wreadme.zip
[01:02:44:677ms][Trace][File] Finish read from C:\Users\SAPTAR~1\AppData\Local\Temp\lastresort_ron_101_wreadme.zip
[01:02:44:678ms][Trace][File] Begin write of 65536 bytes to D:\Games\Ready or Not\ReadyOrNot\Content\Paks\mod.io\3791\mods\4761012\pakchunk99-LastResort.pak
[01:02:44:678ms][Trace][File] Finish write to D:\Games\Ready or Not\ReadyOrNot\Content\Paks\mod.io\3791\mods\4761012\pakchunk99-LastResort.pak
[01:02:44:678ms][Trace][File] Begin write of 1513 bytes to D:\Games\Ready or Not\ReadyOrNot\Content\Paks\mod.io\3791\mods\4761012\pakchunk99-LastResort.pak
[01:02:44:678ms][Trace][File] Finish write to D:\Games\Ready or Not\ReadyOrNot\Content\Paks\mod.io\3791\mods\4761012\pakchunk99-LastResort.pak
[01:02:44:678ms][Trace][File] Begin read of 65536 bytes from C:\Users\SAPTAR~1\AppData\Local\Temp\lastresort_ron_101_wreadme.zip
[01:02:44:693ms][Trace][File] Finish read from C:\Users\SAPTAR~1\AppData\Local\Temp\lastresort_ron_101_wreadme.zip
[01:02:44:694ms][Trace][File] Begin write of 65536 bytes to D:\Games\Ready or Not\ReadyOrNot\Content\Paks\mod.io\3791\mods\4761012\pakchunk99-LastResort.pak
[01:02:44:694ms][Trace][File] Finish write to D:\Games\Ready or Not\ReadyOrNot\Content\Paks\mod.io\3791\mods\4761012\pakchunk99-LastResort.pak
[01:02:44:694ms][Trace][File] Begin write of 1135 bytes to D:\Games\Ready or Not\ReadyOrNot\Content\Paks\mod.io\3791\mods\4761012\pakchunk99-LastResort.pak
[01:02:44:694ms][Trace][File] Finish write to D:\Games\Ready or Not\ReadyOrNot\Content\Paks\mod.io\3791\mods\4761012\pakchunk99-LastResort.pak
[01:02:44:694ms][Trace][File] Begin read of 65536 bytes from C:\Users\SAPTAR~1\AppData\Local\Temp\lastresort_ron_101_wreadme.zip
[01:02:44:694ms][Trace][File] Finish read from C:\Users\SAPTAR~1\AppData\Local\Temp\lastresort_ron_101_wreadme.zip
[01:02:44:710ms][Trace][File] Begin write of 65536 bytes to D:\Games\Ready or Not\ReadyOrNot\Content\Paks\mod.io\3791\mods\4761012\pakchunk99-LastResort.pak
[01:02:44:710ms][Trace][File] Finish write to D:\Games\Ready or Not\ReadyOrNot\Content\Paks\mod.io\3791\mods\4761012\pakchunk99-LastResort.pak
[01:02:44:710ms][Trace][File] Begin write of 2111 bytes to D:\Games\Ready or Not\ReadyOrNot\Content\Paks\mod.io\3791\mods\4761012\pakchunk99-LastResort.pak
[01:02:44:710ms][Trace][File] Finish write to D:\Games\Ready or Not\ReadyOrNot\Content\Paks\mod.io\3791\mods\4761012\pakchunk99-LastResort.pak
[01:02:44:710ms][Trace][File] Begin read of 65536 bytes from C:\Users\SAPTAR~1\AppData\Local\Temp\lastresort_ron_101_wreadme.zip
[01:02:44:711ms][Trace][File] Finish read from C:\Users\SAPTAR~1\AppData\Local\Temp\lastresort_ron_101_wreadme.zip
[01:02:44:727ms][Trace][File] Begin write of 65536 bytes to D:\Games\Ready or Not\ReadyOrNot\Content\Paks\mod.io\3791\mods\4761012\pakchunk99-LastResort.pak
[01:02:44:727ms][Trace][File] Finish write to D:\Games\Ready or Not\ReadyOrNot\Content\Paks\mod.io\3791\mods\4761012\pakchunk99-LastResort.pak
[01:02:44:727ms][Trace][File] Begin write of 2180 bytes to D:\Games\Ready or Not\ReadyOrNot\Content\Paks\mod.io\3791\mods\4761012\pakchunk99-LastResort.pak
[01:02:44:727ms][Trace][File] Finish write to D:\Games\Ready or Not\ReadyOrNot\Content\Paks\mod.io\3791\mods\4761012\pakchunk99-LastResort.pak
[01:02:44:727ms][Trace][File] Begin read of 65536 bytes from C:\Users\SAPTAR~1\AppData\Local\Temp\lastresort_ron_101_wreadme.zip
[01:02:44:728ms][Trace][File] Finish read from C:\Users\SAPTAR~1\AppData\Local\Temp\lastresort_ron_101_wreadme.zip
[01:02:44:744ms][Trace][File] Begin write of 65536 bytes to D:\Games\Ready or Not\ReadyOrNot\Content\Paks\mod.io\3791\mods\4761012\pakchunk99-LastResort.pak
[01:02:44:744ms][Trace][File] Finish write to D:\Games\Ready or Not\ReadyOrNot\Content\Paks\mod.io\3791\mods\4761012\pakchunk99-LastResort.pak
[01:02:44:744ms][Trace][File] Begin write of 1826 bytes to D:\Games\Ready or Not\ReadyOrNot\Content\Paks\mod.io\3791\mods\4761012\pakchunk99-LastResort.pak
[01:02:44:744ms][Trace][File] Finish write to D:\Games\Ready or Not\ReadyOrNot\Content\Paks\mod.io\3791\mods\4761012\pakchunk99-LastResort.pak
[01:02:44:744ms][Trace][File] Begin read of 65536 bytes from C:\Users\SAPTAR~1\AppData\Local\Temp\lastresort_ron_101_wreadme.zip
[01:02:44:744ms][Trace][File] Finish read from C:\Users\SAPTAR~1\AppData\Local\Temp\lastresort_ron_101_wreadme.zip
[01:02:44:745ms][Trace][File] Begin write of 65536 bytes to D:\Games\Ready or Not\ReadyOrNot\Content\Paks\mod.io\3791\mods\4761012\pakchunk99-LastResort.pak
[01:02:44:745ms][Trace][File] Finish write to D:\Games\Ready or Not\ReadyOrNot\Content\Paks\mod.io\3791\mods\4761012\pakchunk99-LastResort.pak
[01:02:44:745ms][Trace][File] Begin write of 2140 bytes to D:\Games\Ready or Not\ReadyOrNot\Content\Paks\mod.io\3791\mods\4761012\pakchunk99-LastResort.pak
[01:02:44:745ms][Trace][File] Finish write to D:\Games\Ready or Not\ReadyOrNot\Content\Paks\mod.io\3791\mods\4761012\pakchunk99-LastResort.pak
[01:02:44:745ms][Trace][File] Begin read of 65536 bytes from C:\Users\SAPTAR~1\AppData\Local\Temp\lastresort_ron_101_wreadme.zip
[01:02:44:760ms][Trace][File] Finish read from C:\Users\SAPTAR~1\AppData\Local\Temp\lastresort_ron_101_wreadme.zip
[01:02:44:761ms][Trace][File] Begin write of 65536 bytes to D:\Games\Ready or Not\ReadyOrNot\Content\Paks\mod.io\3791\mods\4761012\pakchunk99-LastResort.pak
[01:02:44:761ms][Trace][File] Finish write to D:\Games\Ready or Not\ReadyOrNot\Content\Paks\mod.io\3791\mods\4761012\pakchunk99-LastResort.pak
[01:02:44:761ms][Trace][File] Begin write of 2110 bytes to D:\Games\Ready or Not\ReadyOrNot\Content\Paks\mod.io\3791\mods\4761012\pakchunk99-LastResort.pak
[01:02:44:761ms][Trace][File] Finish write to D:\Games\Ready or Not\ReadyOrNot\Content\Paks\mod.io\3791\mods\4761012\pakchunk99-LastResort.pak
[01:02:44:761ms][Trace][File] Begin read of 65536 bytes from C:\Users\SAPTAR~1\AppData\Local\Temp\lastresort_ron_101_wreadme.zip
[01:02:44:777ms][Trace][File] Finish read from C:\Users\SAPTAR~1\AppData\Local\Temp\lastresort_ron_101_wreadme.zip
[01:02:44:777ms][Trace][File] Begin write of 65536 bytes to D:\Games\Ready or Not\ReadyOrNot\Content\Paks\mod.io\3791\mods\4761012\pakchunk99-LastResort.pak
[01:02:44:777ms][Trace][File] Finish write to D:\Games\Ready or Not\ReadyOrNot\Content\Paks\mod.io\3791\mods\4761012\pakchunk99-LastResort.pak
[01:02:44:777ms][Trace][File] Begin write of 1790 bytes to D:\Games\Ready or Not\ReadyOrNot\Content\Paks\mod.io\3791\mods\4761012\pakchunk99-LastResort.pak
[01:02:44:777ms][Trace][File] Finish write to D:\Games\Ready or Not\ReadyOrNot\Content\Paks\mod.io\3791\mods\4761012\pakchunk99-LastResort.pak
[01:02:44:777ms][Trace][File] Begin read of 65536 bytes from C:\Users\SAPTAR~1\AppData\Local\Temp\lastresort_ron_101_wreadme.zip
[01:02:44:793ms][Trace][File] Finish read from C:\Users\SAPTAR~1\AppData\Local\Temp\lastresort_ron_101_wreadme.zip
[01:02:44:794ms][Trace][File] Begin write of 65536 bytes to D:\Games\Ready or Not\ReadyOrNot\Content\Paks\mod.io\3791\mods\4761012\pakchunk99-LastResort.pak
[01:02:44:794ms][Trace][File] Finish write to D:\Games\Ready or Not\ReadyOrNot\Content\Paks\mod.io\3791\mods\4761012\pakchunk99-LastResort.pak
[01:02:44:794ms][Trace][File] Begin write of 1955 bytes to D:\Games\Ready or Not\ReadyOrNot\Content\Paks\mod.io\3791\mods\4761012\pakchunk99-LastResort.pak
[01:02:44:794ms][Trace][File] Finish write to D:\Games\Ready or Not\ReadyOrNot\Content\Paks\mod.io\3791\mods\4761012\pakchunk99-LastResort.pak
[01:02:44:794ms][Trace][File] Begin read of 65536 bytes from C:\Users\SAPTAR~1\AppData\Local\Temp\lastresort_ron_101_wreadme.zip
[01:02:44:810ms][Trace][File] Finish read from C:\Users\SAPTAR~1\AppData\Local\Temp\lastresort_ron_101_wreadme.zip
[01:02:44:810ms][Trace][File] Begin write of 65536 bytes to D:\Games\Ready or Not\ReadyOrNot\Content\Paks\mod.io\3791\mods\4761012\pakchunk99-LastResort.pak
[01:02:44:810ms][Trace][File] Finish write to D:\Games\Ready or Not\ReadyOrNot\Content\Paks\mod.io\3791\mods\4761012\pakchunk99-LastResort.pak
[01:02:44:810ms][Trace][File] Begin write of 1801 bytes to D:\Games\Ready or Not\ReadyOrNot\Content\Paks\mod.io\3791\mods\4761012\pakchunk99-LastResort.pak
[01:02:44:810ms][Trace][File] Finish write to D:\Games\Ready or Not\ReadyOrNot\Content\Paks\mod.io\3791\mods\4761012\pakchunk99-LastResort.pak
[01:02:44:810ms][Trace][File] Begin read of 65536 bytes from C:\Users\SAPTAR~1\AppData\Local\Temp\lastresort_ron_101_wreadme.zip
[01:02:44:827ms][Trace][File] Finish read from C:\Users\SAPTAR~1\AppData\Local\Temp\lastresort_ron_101_wreadme.zip
[01:02:44:827ms][Trace][File] Begin write of 65536 bytes to D:\Games\Ready or Not\ReadyOrNot\Content\Paks\mod.io\3791\mods\4761012\pakchunk99-LastResort.pak
[01:02:44:827ms][Trace][File] Finish write to D:\Games\Ready or Not\ReadyOrNot\Content\Paks\mod.io\3791\mods\4761012\pakchunk99-LastResort.pak
[01:02:44:827ms][Trace][File] Begin write of 1929 bytes to D:\Games\Ready or Not\ReadyOrNot\Content\Paks\mod.io\3791\mods\4761012\pakchunk99-LastResort.pak
[01:02:44:827ms][Trace][File] Finish write to D:\Games\Ready or Not\ReadyOrNot\Content\Paks\mod.io\3791\mods\4761012\pakchunk99-LastResort.pak
[01:02:44:827ms][Trace][File] Begin read of 65536 bytes from C:\Users\SAPTAR~1\AppData\Local\Temp\lastresort_ron_101_wreadme.zip
[01:02:44:843ms][Trace][File] Finish read from C:\Users\SAPTAR~1\AppData\Local\Temp\lastresort_ron_101_wreadme.zip
[01:02:44:844ms][Trace][File] Begin write of 65536 bytes to D:\Games\Ready or Not\ReadyOrNot\Content\Paks\mod.io\3791\m